-- MySQL dump 10.13  Distrib 5.1.66, for debian-linux-gnu (i486)
--
-- Host: db1935.perfora.net    Database: db291061718
-- ------------------------------------------------------
-- Server version	5.1.67-log

/*!40101 SET @OLD_CHARACTER_SET_CLIENT=@@CHARACTER_SET_CLIENT */;
/*!40101 SET @OLD_CHARACTER_SET_RESULTS=@@CHARACTER_SET_RESULTS */;
/*!40101 SET @OLD_COLLATION_CONNECTION=@@COLLATION_CONNECTION */;
/*!40101 SET NAMES utf8 */;
/*!40103 SET @OLD_TIME_ZONE=@@TIME_ZONE */;
/*!40103 SET TIME_ZONE='+00:00' */;
/*!40014 SET @OLD_UNIQUE_CHECKS=@@UNIQUE_CHECKS, UNIQUE_CHECKS=0 */;
/*!40014 SET @OLD_FOREIGN_KEY_CHECKS=@@FOREIGN_KEY_CHECKS, FOREIGN_KEY_CHECKS=0 */;
/*!40101 SET @OLD_SQL_MODE=@@SQL_MODE, SQL_MODE='NO_AUTO_VALUE_ON_ZERO' */;
/*!40111 SET @OLD_SQL_NOTES=@@SQL_NOTES, SQL_NOTES=0 */;

--
-- Table structure for table `mappoints`
--

DROP TABLE IF EXISTS `mappoints`;
/*!40101 SET @saved_cs_client     = @@character_set_client */;
/*!40101 SET character_set_client = utf8 */;
CREATE TABLE `mappoints` (
  `map_id` int(4) NOT NULL,
  `point_id` int(11) NOT NULL,
  UNIQUE KEY `map_id` (`map_id`,`point_id`)
) ENGINE=MyISAM DEFAULT CHARSET=latin1;
/*!40101 SET character_set_client = @saved_cs_client */;

--
-- Dumping data for table `mappoints`
--

LOCK TABLES `mappoints` WRITE;
/*!40000 ALTER TABLE `mappoints` DISABLE KEYS */;
INSERT INTO `mappoints` VALUES (1,2),(1,3),(1,128),(1,129),(1,130),(1,131),(1,132),(1,133),(2,148),(2,149),(2,150),(2,151),(2,152),(2,153),(2,154),(2,155),(2,156),(2,157),(2,158),(2,159),(5,136),(5,137),(8,398),(8,399),(8,400),(8,401),(8,402),(8,403),(8,404),(9,18),(9,19),(9,20),(9,21),(9,22),(9,23),(9,24),(9,25),(9,26),(9,27),(9,28),(9,29),(9,30),(9,31),(9,32),(9,33),(9,34),(9,35),(9,36),(9,37),(9,38),(9,39),(9,40),(9,41),(9,42),(9,43),(9,44),(9,45),(9,46),(9,47),(9,48),(9,49),(9,50),(9,51),(9,52),(9,53),(9,54),(9,55),(9,56),(9,57),(9,58),(9,59),(9,60),(9,61),(9,62),(9,63),(9,64),(9,65),(9,66),(9,67),(9,68),(9,69),(9,70),(9,71),(9,72),(9,73),(9,74),(9,75),(9,76),(9,77),(9,78),(9,79),(9,80),(9,81),(9,82),(9,83),(9,84),(9,85),(9,86),(9,87),(9,88),(9,89),(9,90),(9,91),(9,92),(9,93),(9,94),(9,95),(9,96),(9,97),(9,98),(9,99),(9,100),(9,101),(9,102),(9,103),(9,104),(9,105),(9,106),(9,107),(9,108),(9,109),(9,110),(9,111),(9,112),(9,113),(9,114),(9,115),(9,116),(9,117),(9,118),(9,119),(9,120),(9,121),(9,122),(9,123),(9,124),(9,125),(9,126),(9,127),(9,134),(9,135),(9,141),(9,142),(9,143),(9,144),(9,145),(9,146),(9,147),(9,162),(9,163),(9,164),(9,165),(9,166),(9,167),(9,168),(9,169),(9,170),(9,171),(9,172),(9,173),(9,174),(9,175),(9,176),(9,177),(9,178),(9,179),(9,180),(9,181),(9,182),(9,183),(9,184),(9,185),(9,186),(9,187),(9,188),(9,189),(9,190),(9,191),(9,192),(9,193),(9,194),(9,195),(9,196),(9,197),(9,198),(9,199),(9,200),(9,201),(9,202),(9,203),(9,204),(9,205),(10,4),(10,5),(10,6),(10,7),(10,8),(10,9),(10,10),(10,11),(11,12),(11,13),(11,14),(11,15),(12,16),(12,17),(13,138),(13,139),(13,140),(17,160),(17,161),(24,206),(24,207),(24,208),(24,209),(24,210),(24,211),(24,212),(24,213),(24,214),(24,215),(25,216),(25,217),(25,218),(25,219),(25,220),(25,221),(25,222),(25,223),(25,224),(25,225),(25,226),(25,227),(25,228),(25,229),(25,230),(25,231),(25,232),(25,233),(25,234),(25,235),(25,236),(25,237),(26,238),(26,239),(26,240),(26,241),(26,242),(26,243),(26,244),(26,245),(26,246),(26,247),(26,248),(26,249),(26,250),(26,251),(26,252),(26,253),(26,254),(26,255),(26,256),(26,257),(26,258),(26,259),(26,260),(26,261),(26,262),(26,263),(26,264),(26,265),(26,266),(26,267),(26,268),(26,269),(26,270),(26,271),(26,272),(26,273),(26,274),(26,275),(27,276),(27,277),(27,278),(27,279),(27,280),(27,281),(27,282),(27,283),(27,284),(27,285),(27,286),(27,287),(27,288),(27,289),(27,290),(27,291),(27,292),(27,293),(27,294),(27,295),(27,296),(27,297),(27,298),(27,299),(27,300),(27,301),(27,302),(27,303),(27,304),(27,305),(27,306),(27,307),(27,308),(27,309),(27,310),(27,311),(27,312),(27,313),(27,314),(27,315),(27,316),(27,317),(27,318),(27,319),(27,320),(27,321),(27,322),(27,323),(27,324),(27,325),(27,326),(27,327),(27,328),(27,329),(27,330),(27,331),(27,332),(27,333),(27,334),(27,335),(28,336),(28,337),(28,338),(28,339),(28,340),(28,341),(28,342),(28,343),(28,344),(28,345),(28,346),(28,347),(28,348),(28,349),(28,350),(28,351),(28,352),(28,353),(28,354),(28,355),(28,356),(28,357),(28,358),(28,359),(28,360),(28,361),(28,362),(28,363),(28,364),(28,365),(28,366),(28,367),(28,368),(28,369),(28,370),(28,371),(28,372),(28,373),(28,374),(28,375),(28,376),(28,377),(28,378),(28,379),(28,380),(28,381),(28,382),(28,383),(28,384),(28,385),(28,386),(28,387),(28,388),(28,389),(28,390),(28,391),(28,392),(28,393),(28,394),(28,395),(28,396),(28,397),(32,405),(32,406),(34,407),(34,408),(34,409),(34,410),(34,411),(34,412),(34,413),(34,414),(34,415),(34,416),(34,417),(34,418),(34,419),(34,420),(34,421),(34,422),(34,423),(34,424),(34,425),(34,426),(35,427),(35,428),(35,429),(35,430),(35,431),(36,432),(36,433),(36,434),(36,435),(36,436),(37,437),(37,438),(37,439),(37,440),(37,441),(38,442),(38,443),(38,444),(38,445),(38,446),(38,447),(38,448),(38,449),(38,450),(38,451),(38,452),(38,453),(38,454),(38,455),(38,456),(38,457),(38,458),(38,459),(38,460),(38,461),(38,462),(38,463),(38,464),(38,465),(38,466),(38,467),(38,468),(38,469),(38,470),(38,471),(39,472),(39,473),(39,474),(39,475),(39,476),(39,477),(39,478),(39,479),(39,480),(39,481),(39,482),(39,483),(39,484),(39,485),(39,486),(39,487),(39,488),(39,489),(39,490),(39,491),(39,492),(39,493),(39,494),(39,495),(39,496),(39,497),(39,498),(39,499),(39,500),(39,501),(39,502),(39,503),(39,504),(39,505),(39,506),(39,507),(39,508),(39,509),(39,510),(39,511),(39,512),(39,513),(39,514),(39,515),(39,516),(39,517),(39,518),(39,519),(39,520),(39,521),(39,522),(39,523),(39,524),(39,525),(39,526),(39,527),(39,528),(39,529),(39,530),(39,531),(39,532),(39,533),(39,534),(39,535),(39,536),(39,537),(39,538),(39,539),(39,540),(39,541),(39,542),(39,543),(40,544),(40,545),(40,546),(40,547),(40,548),(40,549),(40,550),(40,551),(40,552),(40,553),(40,554),(40,555),(40,556),(40,557),(40,558),(40,559),(40,560),(40,561),(40,562),(40,563),(40,564),(40,565),(40,566),(40,567),(40,568),(40,569),(40,570),(40,571),(40,572),(40,573),(40,574),(40,575),(40,576),(40,577),(40,578),(41,579),(41,580),(41,581),(41,582),(41,583),(41,584),(41,585),(41,586),(41,587),(41,588),(41,589),(41,590),(41,591),(41,592),(41,593),(41,594),(41,595),(41,596),(42,597),(42,598),(42,599),(42,600),(42,601),(42,602),(42,603),(42,604),(42,605),(42,606),(42,607),(42,608),(42,609),(42,610),(42,611),(42,612),(42,613),(42,614),(42,615),(42,616),(42,617),(42,618),(42,619),(42,620),(42,621),(42,622),(42,623),(42,624),(42,625),(42,626),(42,627),(42,628),(42,629),(42,630),(42,631),(42,632),(42,633),(42,634),(42,635),(42,636),(42,637),(42,638),(42,639),(42,640),(45,641),(45,642),(45,643),(45,644),(45,645),(45,646),(45,647),(45,648),(45,649),(45,650),(45,651),(45,652),(45,653),(45,654),(45,655),(45,656),(45,657),(45,658),(45,659),(45,660),(45,661),(45,662),(45,663),(45,664),(45,665),(45,666),(45,667),(45,668),(45,669),(45,670),(45,671),(45,672),(45,673),(45,674),(45,675),(45,676),(45,677),(45,678),(45,679),(45,680),(45,681),(45,682),(45,683),(45,684),(46,685),(46,686),(46,687),(46,688),(46,689),(46,690),(46,691),(46,692),(46,693),(46,694),(46,695),(46,696),(46,697),(46,698),(46,699),(46,700),(46,701),(46,702),(46,703),(46,704),(46,705),(46,706),(46,707),(46,708),(46,709),(46,710),(46,711),(46,712),(46,713),(46,714),(46,715),(46,716),(46,717),(46,718),(46,719),(46,720),(46,721),(46,722),(46,723),(46,724),(46,725),(46,726),(46,727),(46,728),(47,729),(47,730),(47,731),(47,732),(47,733),(47,734),(47,735),(47,736),(47,737),(47,738),(47,739),(47,740),(47,741),(47,742),(47,743),(47,744),(47,745),(47,746),(47,747),(47,748),(47,749),(47,750),(47,751),(47,752),(47,753),(47,754),(47,755),(47,756),(47,757),(47,758),(47,759),(47,760),(47,761),(47,762),(47,763),(47,764),(47,765),(47,766),(47,767),(47,768),(47,769),(47,770),(47,771),(47,772),(48,773),(48,774),(48,775),(48,776),(48,777),(48,778),(48,779),(48,780),(48,781),(48,782),(48,783),(48,784),(48,785),(48,786),(48,787),(48,788),(48,789),(48,790),(48,791),(48,792),(48,793),(48,794),(48,795),(48,796),(48,797),(48,798),(48,799),(48,800),(48,801),(48,802),(48,803),(48,804),(48,805),(48,806),(48,807),(48,808),(48,809),(48,810),(48,811),(48,812),(48,813),(48,814),(48,815),(48,816),(49,817),(49,818),(49,819),(49,820),(49,821),(49,822),(49,823),(49,824),(49,825),(49,826),(49,827),(49,828),(49,829),(49,830),(49,831),(49,832),(49,833),(49,834),(49,835),(49,836),(49,837),(49,838),(49,839),(49,840),(49,841),(49,842),(49,843),(49,844),(49,845),(49,846),(49,847),(49,848),(49,849),(49,850),(49,851),(49,852),(49,853),(49,854),(49,855),(49,856),(49,857),(49,858),(49,859),(49,860),(50,861),(50,862),(50,863),(50,864),(50,865),(50,866),(50,867),(50,868),(50,869),(50,870),(50,871),(50,872),(50,873),(50,874),(50,875),(50,876),(50,877),(50,878),(50,879),(50,880),(50,881),(50,882),(50,883),(50,884),(50,885),(50,886),(50,887),(50,888),(50,889),(50,890),(50,891),(50,892),(50,893),(50,894),(50,895),(50,896),(50,897),(50,898),(50,899),(50,900),(50,901),(50,902),(50,903),(50,904),(51,905),(51,906),(51,907),(51,908),(51,909),(51,910),(51,911),(51,912),(51,913),(51,914),(51,915),(51,916),(51,917),(51,918),(51,919),(51,920),(51,921),(51,922),(51,923),(51,924),(51,925),(51,926),(51,927),(51,928),(51,929),(51,930),(51,931),(51,932),(51,933),(51,934),(51,935),(51,936),(51,937),(51,938),(51,939),(51,940),(51,941),(51,942),(51,943),(51,944),(51,945),(51,946),(51,947),(51,948),(51,949),(51,950),(51,951),(51,952),(51,953),(51,954),(51,955),(51,956),(51,957),(51,958),(51,959),(51,960),(51,961),(51,962),(51,963),(51,964),(51,965),(51,966),(51,967),(51,968),(51,969),(51,970),(51,971),(51,972),(51,973),(51,974),(51,975),(51,976),(51,977),(51,978),(51,979),(51,980),(51,981),(51,982),(51,983),(51,984),(51,985),(51,986),(51,987),(51,988),(51,989),(51,990),(51,991),(51,992),(52,993),(52,994),(52,995),(52,996),(52,997),(52,998),(52,999),(52,1000),(52,1001),(52,1002),(52,1003),(52,1004),(52,1005),(52,1006),(52,1007),(52,1008),(52,1009),(52,1010),(52,1011),(52,1012),(52,1013),(52,1014),(52,1015),(52,1016),(52,1017),(52,1018),(52,1019),(52,1020),(52,1021),(52,1022),(52,1023),(52,1024),(52,1025),(52,1026),(52,1027),(52,1028),(52,1029),(52,1030),(52,1031),(52,1032),(52,1033),(52,1034),(52,1035),(52,1036),(53,1037),(53,1038),(53,1039),(53,1040),(53,1041),(53,1042),(53,1043),(53,1044),(53,1045),(53,1046),(53,1047),(53,1048),(53,1049),(53,1050),(53,1051),(53,1052),(53,1053),(53,1054),(53,1055),(53,1056),(53,1057),(53,1058),(53,1059),(53,1060),(53,1061),(53,1062),(53,1063),(53,1064),(53,1065),(53,1066),(53,1067),(53,1068),(53,1069),(53,1070),(53,1071),(53,1072),(53,1073),(53,1074),(53,1075),(53,1076),(53,1077),(53,1078),(53,1079),(53,1080),(54,1081),(54,1082),(54,1083),(54,1084),(54,1085),(54,1086),(54,1087),(54,1088),(54,1089),(54,1090),(54,1091),(54,1092),(54,1093),(54,1094),(54,1095),(54,1096),(54,1097),(54,1098),(54,1099),(54,1100),(54,1101),(54,1102),(54,1103),(54,1104),(54,1105),(54,1106),(54,1107),(54,1108),(54,1109),(54,1110),(54,1111),(54,1112),(54,1113),(54,1114),(54,1115),(54,1116),(54,1117),(54,1118),(54,1119),(54,1120),(54,1121),(54,1122),(54,1123),(54,1124),(55,1125),(55,1126),(55,1127),(55,1128),(55,1129),(55,1130),(55,1131),(55,1132),(55,1133),(55,1134),(55,1135),(55,1136),(55,1137),(55,1138),(55,1139),(55,1140),(55,1141),(55,1142),(55,1143),(55,1144),(55,1145),(55,1146),(55,1147),(55,1148),(55,1149),(55,1150),(55,1151),(55,1152),(55,1153),(55,1154),(55,1155),(55,1156),(55,1157),(55,1158),(55,1159),(55,1160),(55,1161),(55,1162),(55,1163),(55,1164),(55,1165),(55,1166),(55,1167),(55,1168),(55,1169),(55,1170),(55,1171),(55,1172),(55,1173),(55,1174),(55,1175),(55,1176),(55,1177),(55,1178),(55,1179),(55,1180),(55,1181),(55,1182),(55,1183),(55,1184),(55,1185),(55,1186),(55,1187),(55,1188),(55,1189),(55,1190),(55,1191),(55,1192),(55,1193),(55,1194),(55,1195),(55,1196),(55,1197),(55,1198),(55,1199),(55,1200),(55,1201),(55,1202),(55,1203),(55,1204),(55,1205),(55,1206),(55,1207),(55,1208),(55,1209),(55,1210),(55,1211),(55,1212),(55,1213),(55,1214),(55,1215),(55,1216),(55,1217),(55,1218),(55,1219),(55,1220),(55,1221),(55,1222),(55,1223),(55,1224),(55,1225),(55,1226),(55,1227),(55,1228),(55,1229),(55,1230),(55,1231),(55,1232),(55,1233),(55,1234),(55,1235),(55,1236),(55,1237),(55,1238),(55,1239),(55,1240),(55,1241),(55,1242),(55,1243),(55,1244),(55,1245),(55,1246),(55,1247),(55,1248),(55,1249),(55,1250),(55,1251),(55,1252),(55,1253),(55,1254),(55,1255),(55,1256),(55,1257),(55,1258),(55,1259),(55,1260),(55,1261),(55,1262),(55,1263),(55,1264),(55,1265),(55,1266),(55,1267),(55,1268),(55,1269),(55,1270),(55,1271),(55,1272),(55,1273),(55,1274),(55,1275),(55,1276),(55,1277),(55,1278),(55,1279),(55,1280),(55,1281),(55,1282),(55,1283),(55,1284),(55,1285),(55,1286),(55,1287),(55,1288),(55,1289),(55,1290),(55,1291),(55,1292),(55,1293),(55,1294),(55,1295),(55,1296),(55,1297),(55,1298),(55,1299),(55,1300),(55,1301),(55,1302),(55,1303),(55,1304),(55,1305),(55,1306),(55,1307),(55,1308),(55,1309),(55,1310),(55,1311),(55,1312),(55,1313),(55,1314),(55,1315),(55,1316),(55,1317),(55,1318),(55,1319),(55,1320),(55,1321),(55,1322),(55,1323),(55,1324),(55,1325),(55,1326),(55,1327),(55,1328),(55,1329),(55,1330),(55,1331),(55,1332),(55,1333),(55,1334),(55,1335),(55,1336),(55,1337),(55,1338),(55,1339),(55,1340),(55,1341),(55,1342),(55,1343),(55,1344),(55,1345),(55,1346),(55,1347),(55,1348),(55,1349),(55,1350),(55,1351),(55,1352),(55,1353),(55,1354),(55,1355),(55,1356),(55,1357),(55,1358),(55,1359),(55,1360),(55,1361),(55,1362),(55,1363),(55,1364),(55,1365),(55,1366),(55,1367),(55,1368),(55,1369),(55,1370),(55,1371),(55,1372),(55,1373),(55,1374),(55,1375),(55,1376),(55,1377),(55,1378),(55,1379),(55,1380),(55,1381),(55,1382),(55,1383),(55,1384),(55,1385),(55,1386),(55,1387),(55,1388),(55,1389),(55,1390),(55,1391),(55,1392),(55,1393),(55,1394),(55,1395),(55,1396),(55,1397),(55,1398),(55,1399),(55,1400),(55,1401),(55,1402),(55,1403),(55,1404),(55,1405),(55,1406),(55,1407),(55,1408),(55,1409),(55,1410),(55,1411),(55,1412),(55,1413),(55,1414),(55,1455),(55,1456),(55,1457),(55,1458),(55,1459),(55,1460),(55,1461),(55,1462),(55,1463),(55,1464),(55,1465),(55,1466),(55,1467),(55,1468),(55,1469),(55,1470),(55,1471),(55,1472),(55,1473),(55,1474),(55,1475),(55,1476),(55,1477),(55,1478),(55,1479),(55,1480),(55,1481),(55,1482),(55,1483),(55,1484),(55,1485),(55,1486),(55,1487),(55,1488),(55,1489),(55,1490),(55,1491),(55,1492),(56,1415),(56,1416),(56,1417),(56,1418),(56,1419),(56,1420),(56,1421),(56,1422),(56,1423),(56,1424),(56,1425),(56,1426),(56,1427),(56,1428),(56,1429),(56,1430),(56,1431),(56,1432),(56,1433),(56,1434),(56,1435),(56,1436),(56,1437),(56,1438),(56,1439),(56,1440),(56,1441),(56,1442),(56,1443),(56,1444),(56,1445),(56,1446),(56,1447),(56,1448),(56,1449),(56,1450),(56,1451),(56,1452),(56,1453),(56,1454),(57,1493),(57,1494),(57,1495),(57,1496),(57,1497),(57,1498),(57,1499),(57,1500),(57,1501),(57,1502),(57,1503),(57,1504),(57,1505),(57,1506),(57,1507),(57,1508),(57,1509),(57,1510),(57,1511),(57,1512),(57,1513),(57,1514),(57,1515),(57,1516),(57,1517),(57,1518),(57,1519),(57,1520),(57,1521),(57,1522),(57,1523),(57,1524),(57,1525),(57,1526),(57,1527),(57,1528),(57,1529),(57,1530),(60,1531),(60,1532),(60,1533),(60,1534),(60,1535),(60,1536),(60,1537),(60,1538),(60,1539),(60,1540),(60,1541),(60,1542),(60,1543),(60,1544),(60,1545),(60,1546),(60,1547),(60,1548),(60,1549),(60,1550),(60,1551),(60,1552),(60,1553),(60,1554),(60,1555),(60,1556),(60,1557),(60,1558),(60,1559),(60,1560),(60,1561),(60,1562),(60,1563),(60,1564),(60,1565),(60,1566),(60,1567),(60,1568),(61,1569),(61,1570),(61,1571),(61,1572),(61,1573),(61,1574),(61,1575),(61,1576),(61,1577),(61,1578),(61,1579),(61,1580),(61,1581),(61,1582),(61,1583),(61,1584),(61,1585),(61,1586),(61,1587),(61,1588),(61,1589),(61,1590),(61,1591),(61,1592),(61,1593),(61,1594),(61,1595),(61,1596),(61,1597),(61,1598),(61,1599),(61,1600),(61,1601),(61,1602),(61,1603),(61,1604),(61,1605),(61,1606),(62,1607),(62,1608),(62,1609),(62,1610),(62,1611),(62,1612),(62,1613),(62,1614),(62,1615),(62,1616),(62,1617),(62,1618),(62,1619),(62,1620),(62,1621),(62,1622),(62,1623),(62,1624),(62,1625),(62,1626),(62,1627),(62,1628),(62,1629),(62,1630),(62,1631),(62,1632),(62,1633),(62,1634),(62,1635),(62,1636),(62,1637),(62,1638),(62,1639),(62,1640),(62,1641),(62,1642),(62,1643),(62,1644),(63,1645),(63,1646),(63,1647),(63,1648),(63,1649),(63,1650),(63,1651),(63,1652),(63,1653),(63,1654),(63,1655),(63,1656),(63,1657),(63,1658),(63,1659),(63,1660),(63,1661),(63,1662),(63,1663),(63,1664),(63,1665),(63,1666),(63,1667),(63,1668),(63,1669),(63,1670),(63,1671),(63,1672),(63,1673),(63,1674),(63,1675),(63,1676),(63,1677),(63,1678),(78,1679),(78,1680),(78,1681),(78,1682),(78,1683),(78,1684),(78,1685),(78,1686),(78,1687),(78,1688),(78,1689),(78,1690),(78,1691),(78,1692),(78,1693),(78,1694),(78,1695),(78,1696),(78,1697),(78,1698),(78,1699),(78,1700),(78,1701),(78,1702),(78,1703),(78,1704),(78,1705),(78,1706),(78,1707),(78,1708),(78,1709),(78,1710),(78,1711),(78,1712),(78,1713),(78,1714),(78,1715),(78,1716),(78,1717),(78,1718),(78,1719),(78,1720),(78,1721),(78,1722),(78,1723),(78,1724),(78,1725),(78,1726),(78,1727),(78,1728),(78,1729),(78,1730),(78,1731),(78,1732),(78,1733),(78,1734),(78,1735),(78,1736),(78,1737),(78,1738),(78,1739),(78,1740),(78,1741),(78,1742),(78,1743),(78,1744),(78,1745),(78,1746),(78,1747),(78,1748),(78,1749),(78,1750),(78,1751),(78,1752),(78,1753),(78,1754),(78,1755),(78,1756),(78,1757),(78,1758),(78,1759),(78,1760),(78,1761),(78,1762),(78,1763),(78,1764),(78,1765),(78,1766),(78,1767),(78,1768),(78,1769),(78,1770),(78,1771),(78,1772),(78,1773),(78,1774),(78,1775),(78,1776),(78,1777),(78,1778),(78,1779),(78,1780),(78,1781),(78,1782),(78,1783),(78,1784),(78,1785),(78,1786),(78,1787),(78,1788),(78,1789),(78,1790),(78,1791),(78,1792),(78,1793),(78,1794),(78,1795),(78,1796),(78,1797),(78,1798),(78,1799),(78,1800),(78,1801),(78,1802),(78,1803),(78,1804),(78,1805),(78,1806),(78,1807),(78,1808),(78,1809),(78,1810),(78,1811),(78,1812),(78,1813),(78,1814),(80,1815),(80,1816),(80,1817),(80,1818),(80,1819),(80,1820),(80,1821),(80,1822),(80,1823),(80,1824),(80,1825),(80,1826),(80,1827),(80,1828),(80,1829),(80,1830),(80,1831),(80,1832),(80,1833),(80,1834),(80,1835),(80,1836),(80,1837),(80,1838),(80,1839),(80,1840),(80,1841),(80,1842),(80,1843),(80,1844),(80,1845),(81,1846),(81,1847),(84,1858),(84,1859),(84,1860),(84,1861),(84,1862),(84,1863),(84,1864),(84,1865),(84,1866),(84,1867),(87,1944),(87,1945),(87,1946),(87,1947),(87,1948),(87,1949),(87,1950),(87,1951),(87,1952),(87,1953),(87,1954),(87,1955),(87,1956),(87,1957),(87,1958),(87,1959),(87,1960),(87,1961),(87,1962),(87,1963),(87,1964),(87,1965),(87,1966),(87,1967),(87,1968),(87,1969),(87,1970),(87,1971),(87,1972),(87,1973),(87,1974),(87,1975),(87,1976),(87,1977),(87,1978),(87,1979),(87,1980),(87,1981),(88,1868),(88,1869),(88,1870),(88,1871),(88,1872),(88,1873),(88,1874),(88,1875),(88,1876),(88,1877),(88,1878),(88,1879),(88,1880),(88,1881),(88,1882),(88,1883),(88,1884),(88,1885),(88,1886),(88,1887),(88,1888),(88,1889),(88,1890),(88,1891),(88,1892),(88,1893),(88,1894),(88,1895),(88,1896),(88,1897),(88,1898),(88,1899),(88,1900),(88,1901),(88,1902),(88,1903),(88,1904),(88,1905),(90,1906),(90,1907),(90,1908),(90,1909),(90,1910),(90,1911),(90,1912),(90,1913),(90,1914),(90,1915),(90,1916),(90,1917),(90,1918),(90,1919),(90,1920),(90,1921),(90,1922),(90,1923),(90,1924),(90,1925),(90,1926),(90,1927),(90,1928),(90,1929),(90,1930),(90,1931),(90,1932),(90,1933),(90,1934),(90,1935),(90,1936),(90,1937),(90,1938),(90,1939),(90,1940),(90,1941),(90,1942),(90,1943),(91,1858),(91,1859),(91,1860),(91,1861),(91,1862),(91,1863),(91,1864),(91,1865),(91,1866),(91,1867),(93,1868),(93,1869),(93,1870),(93,1871),(93,1872),(93,1873),(93,1874),(93,1875),(93,1876),(93,1877),(93,1878),(93,1879),(93,1880),(93,1881),(93,1882),(93,1883),(93,1884),(93,1885),(93,1886),(93,1887),(93,1888),(93,1889),(93,1890),(93,1891),(93,1892),(93,1893),(93,1894),(93,1895),(93,1896),(93,1897),(93,1898),(93,1899),(93,1900),(93,1901),(93,1902),(93,1903),(93,1904),(93,1905),(93,1906),(93,1907),(93,1908),(93,1909),(93,1910),(93,1911),(93,1912),(93,1913),(93,1914),(93,1915),(93,1916),(93,1917),(93,1918),(93,1919),(93,1920),(93,1921),(93,1922),(93,1923),(93,1924),(93,1925),(93,1926),(93,1927),(93,1928),(93,1929),(93,1930),(93,1931),(93,1932),(93,1933),(93,1934),(93,1935),(93,1936),(93,1937),(93,1938),(93,1939),(93,1940),(93,1941),(93,1942),(93,1943),(93,1944),(93,1945),(93,1946),(93,1947),(93,1948),(93,1949),(93,1950),(93,1951),(93,1952),(93,1953),(93,1954),(93,1955),(93,1956),(93,1957),(93,1958),(93,1959),(93,1960),(93,1961),(93,1962),(93,1963),(93,1964),(93,1965),(93,1966),(93,1967),(93,1968),(93,1969),(93,1970),(93,1971),(93,1972),(93,1973),(93,1974),(93,1975),(93,1976),(93,1977),(93,1978),(93,1979),(93,1980),(93,1981);
/*!40000 ALTER TABLE `mappoints` ENABLE KEYS */;
UNLOCK TABLES;

--
-- Table structure for table `maps`
--

DROP TABLE IF EXISTS `maps`;
/*!40101 SET @saved_cs_client     = @@character_set_client */;
/*!40101 SET character_set_client = utf8 */;
CREATE TABLE `maps` (
  `id` int(8) NOT NULL AUTO_INCREMENT,
  `name` varchar(255) NOT NULL,
  `project` int(8) NOT NULL,
  `private` tinyint(1) NOT NULL,
  PRIMARY KEY (`id`)
) ENGINE=MyISAM AUTO_INCREMENT=94 DEFAULT CHARSET=latin1;
/*!40101 SET character_set_client = @saved_cs_client */;

--
-- Dumping data for table `maps`
--

LOCK TABLES `maps` WRITE;
/*!40000 ALTER TABLE `maps` DISABLE KEYS */;
INSERT INTO `maps` VALUES (1,'Map',1,0),(2,'Map2',1,0),(3,'Map3',1,0),(4,'Map3',1,0),(5,'test',2,0),(6,'test',2,0),(7,'Media Lab',3,0),(8,'Media Lab 2',3,0),(9,'charles river',4,0),(10,'HelloWorld',3,0),(11,'HelloWorld2',3,0),(12,'HellowWorld3',3,0),(13,'HelloWorld4',3,0),(14,'Lab 11',6,1),(15,'Mymap',10,1),(16,'EcoMap',13,0),(17,'mymap',17,0),(18,'5 Locations',18,1),(19,'myhome',17,1),(20,'Test map',20,1),(21,'Cool',20,1),(22,'111',20,1),(23,'nyc',20,0),(24,'JSMax',21,0),(25,'JSMax2',21,0),(26,'JSMax3',21,0),(27,'JSMax4',21,0),(28,'haha',21,0),(29,'Map1',23,1),(30,'Map1',24,1),(31,'Map1',25,1),(32,'data-6pm-11-30-12',26,0),(33,'hello',26,1),(34,'CO Level',28,0),(35,'NO2 Level',28,0),(36,'SO2 Level',28,0),(37,'Ozone Level',28,0),(38,'Boston-Ozone',29,0),(39,'Boston_Ozone_4',29,0),(40,'Boston_ozone_5',29,0),(41,'Boston-Ozone-6',29,0),(42,'Boston_Ozone_7',29,0),(43,'',29,1),(44,'SO2 LEVEL',30,1),(45,'SO2 LEVEL',31,0),(46,'OZONE LEVEL',31,0),(47,'VOC LEVEL',31,0),(48,'SO2 LEVEL',32,0),(49,'OZONE LEVEL',32,0),(50,'VOC LEVEL',32,0),(51,'SO2 LEVEL',33,0),(52,'OZONE LEVEL',33,0),(53,'VOC LEVEL',33,0),(54,'OZONE_NEW',33,0),(55,'OZONE',34,0),(56,'SO2 LEVEL',34,0),(57,'Ozone',35,0),(58,'SO2',35,0),(59,'SO2',35,0),(60,'Ozone',36,0),(61,'SO2',36,0),(62,'VOC',36,0),(63,'Ozone_new',34,0),(64,'map1',38,1),(65,'asdf',41,1),(66,'map',41,1),(67,'asdfasdf',41,1),(68,'asdf',41,1),(69,'asdfasdfasdf',41,1),(70,'asdfasdfafas',41,1),(71,'asdfa',41,1),(72,'asdfasfd',41,0),(73,'asdfasdf',41,1),(74,'asdfasdf',41,0),(75,'asdfasdfasdf',41,1),(76,'hello',41,0),(77,'sdfh',41,1),(78,'asfasfd',41,0),(79,'sfd',40,1),(80,'asdf',40,0),(81,'asdf',39,0),(84,'First Map - 10 pts - no filter',43,1),(87,'VOC',44,1),(88,'Ozone',44,1),(90,'S02_2',44,1),(91,'newmap',43,1),(92,'NHS Baseball Field',45,1),(93,'all data',44,1);
/*!40000 ALTER TABLE `maps` ENABLE KEYS */;
UNLOCK TABLES;

--
-- Table structure for table `plotpoints`
--

DROP TABLE IF EXISTS `plotpoints`;
/*!40101 SET @saved_cs_client     = @@character_set_client */;
/*!40101 SET character_set_client = utf8 */;
CREATE TABLE `plotpoints` (
  `plot_id` int(4) NOT NULL,
  `point_id` int(11) NOT NULL,
  UNIQUE KEY `plot_id` (`plot_id`,`point_id`)
) ENGINE=MyISAM DEFAULT CHARSET=latin1;
/*!40101 SET character_set_client = @saved_cs_client */;

--
-- Dumping data for table `plotpoints`
--

LOCK TABLES `plotpoints` WRITE;
/*!40000 ALTER TABLE `plotpoints` DISABLE KEYS */;
INSERT INTO `plotpoints` VALUES (65,1868),(65,1869),(65,1870),(65,1871),(65,1872),(65,1873),(65,1874),(65,1875),(65,1876),(65,1877),(65,1878),(65,1879),(65,1880),(65,1881),(65,1882),(65,1883),(65,1884),(65,1885),(65,1886),(65,1887),(65,1888),(65,1889),(65,1890),(65,1891),(65,1892),(65,1893),(65,1894),(65,1895),(65,1896),(65,1897),(65,1898),(65,1899),(65,1900),(65,1901),(65,1902),(65,1903),(65,1904),(65,1905),(65,1906),(65,1907),(65,1908),(65,1909),(65,1910),(65,1911),(65,1912),(65,1913),(65,1914),(65,1915),(65,1916),(65,1917),(65,1918),(65,1919),(65,1920),(65,1921),(65,1922),(65,1923),(65,1924),(65,1925),(65,1926),(65,1927),(65,1928),(65,1929),(65,1930),(65,1931),(65,1932),(65,1933),(65,1934),(65,1935),(65,1936),(65,1937),(65,1938),(65,1939),(65,1940),(65,1941),(65,1942),(65,1943),(65,1944),(65,1945),(65,1946),(65,1947),(65,1948),(65,1949),(65,1950),(65,1951),(65,1952),(65,1953),(65,1954),(65,1955),(65,1956),(65,1957),(65,1958),(65,1959),(65,1960),(65,1961),(65,1962),(65,1963),(65,1964),(65,1965),(65,1966),(65,1967),(65,1968),(65,1969),(65,1970),(65,1971),(65,1972),(65,1973),(65,1974),(65,1975),(65,1976),(65,1977),(65,1978),(65,1979),(65,1980),(65,1981),(66,1944),(66,1945),(66,1946),(66,1947),(66,1948),(66,1949),(66,1950),(66,1951),(66,1952),(66,1953),(66,1954),(66,1955),(66,1956),(66,1957),(66,1958),(66,1959),(66,1960),(66,1961),(66,1962),(66,1963),(66,1964),(66,1965),(66,1966),(66,1967),(66,1968),(66,1969),(66,1970),(66,1971),(66,1972),(66,1973),(66,1974),(66,1975),(66,1976),(66,1977),(66,1978),(66,1979),(66,1980),(66,1981),(68,1868),(68,1869),(68,1870),(68,1871),(68,1872),(68,1873),(68,1874),(68,1875),(68,1876),(68,1877),(68,1878),(68,1879),(68,1880),(68,1881),(68,1882),(68,1883),(68,1884),(68,1885),(68,1886),(68,1887),(68,1888),(68,1889),(68,1890),(68,1891),(68,1892),(68,1893),(68,1894),(68,1895),(68,1896),(68,1897),(68,1898),(68,1899),(68,1900),(68,1901),(68,1902),(68,1903),(68,1904),(68,1905),(71,1868),(71,1869),(71,1870),(71,1871),(71,1872),(71,1873),(71,1874),(71,1875),(71,1876),(71,1877),(71,1878),(71,1879),(71,1880),(71,1881),(71,1882),(71,1883),(71,1884),(71,1885),(71,1886),(71,1887),(71,1888),(71,1889),(71,1890),(71,1891),(71,1892),(71,1893),(71,1894),(71,1895),(71,1896),(71,1897),(71,1898),(71,1899),(71,1900),(71,1901),(71,1902),(71,1903),(71,1904),(71,1905),(71,1906),(71,1907),(71,1908),(71,1909),(71,1910),(71,1911),(71,1912),(71,1913),(71,1914),(71,1915),(71,1916),(71,1917),(71,1918),(71,1919),(71,1920),(71,1921),(71,1922),(71,1923),(71,1924),(71,1925),(71,1926),(71,1927),(71,1928),(71,1929),(71,1930),(71,1931),(71,1932),(71,1933),(71,1934),(71,1935),(71,1936),(71,1937),(71,1938),(71,1939),(71,1940),(71,1941),(71,1942),(71,1943),(71,1944),(71,1945),(71,1946),(71,1947),(71,1948),(71,1949),(71,1950),(71,1951),(71,1952),(71,1953),(71,1954),(71,1955),(71,1956),(71,1957),(71,1958),(71,1959),(71,1960),(71,1961),(71,1962),(71,1963),(71,1964),(71,1965),(71,1966),(71,1967),(71,1968),(71,1969),(71,1970),(71,1971),(71,1972),(71,1973),(71,1974),(71,1975),(71,1976),(71,1977),(71,1978),(71,1979),(71,1980),(71,1981),(76,1906),(76,1907),(76,1908),(76,1909),(76,1910),(76,1911),(76,1912),(76,1913),(76,1914),(76,1915),(76,1916),(76,1917),(76,1918),(76,1919),(76,1920),(76,1921),(76,1922),(76,1923),(76,1924),(76,1925),(76,1926),(76,1927),(76,1928),(76,1929),(76,1930),(76,1931),(76,1932),(76,1933),(76,1934),(76,1935),(76,1936),(76,1937),(76,1938),(76,1939),(76,1940),(76,1941),(76,1942),(76,1943),(77,1858),(77,1859),(77,1860),(77,1861),(77,1862),(77,1863),(77,1864),(77,1865),(77,1866),(77,1867),(78,404),(78,405);
/*!40000 ALTER TABLE `plotpoints` ENABLE KEYS */;
UNLOCK TABLES;

--
-- Table structure for table `plots`
--

DROP TABLE IF EXISTS `plots`;
/*!40101 SET @saved_cs_client     = @@character_set_client */;
/*!40101 SET character_set_client = utf8 */;
CREATE TABLE `plots` (
  `id` int(8) NOT NULL AUTO_INCREMENT,
  `name` varchar(255) NOT NULL,
  `project` int(8) NOT NULL,
  `private` tinyint(1) NOT NULL,
  PRIMARY KEY (`id`)
) ENGINE=MyISAM AUTO_INCREMENT=79 DEFAULT CHARSET=latin1;
/*!40101 SET character_set_client = @saved_cs_client */;

--
-- Dumping data for table `plots`
--

LOCK TABLES `plots` WRITE;
/*!40000 ALTER TABLE `plots` DISABLE KEYS */;
INSERT INTO `plots` VALUES (66,'V0C',44,1),(68,'Ozone',44,1),(77,'No filter plot',43,1),(71,'All Data',44,1),(76,'S02',44,1),(78,'',26,1);
/*!40000 ALTER TABLE `plots` ENABLE KEYS */;
UNLOCK TABLES;

--
-- Table structure for table `point`
--

DROP TABLE IF EXISTS `point`;
/*!40101 SET @saved_cs_client     = @@character_set_client */;
/*!40101 SET character_set_client = utf8 */;
CREATE TABLE `point` (
  `id` int(11) NOT NULL AUTO_INCREMENT,
  `project` int(11) NOT NULL,
  `lat` double(20,10) NOT NULL,
  `lng` double(20,10) NOT NULL,
  `range` double NOT NULL,
  `val` double NOT NULL,
  `time` bigint(20) NOT NULL,
  PRIMARY KEY (`id`)
) ENGINE=MyISAM AUTO_INCREMENT=1982 DEFAULT CHARSET=latin1;
/*!40101 SET character_set_client = @saved_cs_client */;

--
-- Dumping data for table `point`
--

LOCK TABLES `point` WRITE;
/*!40000 ALTER TABLE `point` DISABLE KEYS */;
INSERT INTO `point` VALUES (1,1,-0.9999999999,-0.9999999999,1600,'0.0000000000',0),(2,1,-0.9999999999,-0.9999999999,1600,'0.0000000000',0),(3,3,0.9999999999,-0.9999999999,300,'0.0000000000',0),(4,3,0.9999999999,-0.9999999999,200,'0.0000000000',0),(5,3,0.9999999999,-0.9999999999,1300,'0.9999999999',0),(6,3,0.9999999999,-0.9999999999,1200,'0.9999999999',0),(7,3,0.9999999999,-0.9999999999,1300,'0.5000000000',0),(8,3,0.9999999999,-0.9999999999,1200,'0.5000000000',0),(9,3,0.9999999999,-0.9999999999,1300,'0.5000000000',0),(10,3,0.9999999999,-0.9999999999,1200,'0.5000000000',0),(11,3,0.9999999999,-0.9999999999,1300,'0.5000000000',0),(12,3,0.9999999999,-0.9999999999,1200,'0.5000000000',0),(13,3,42.3608000000,-71.0876800000,1300,'0.5000000000',0),(14,3,42.3616400000,-71.0902550000,1200,'0.5000000000',0),(15,3,42.3608000000,-71.0876800000,200,'0.5000000000',0),(16,3,42.3616400000,-71.0902550000,300,'0.2000000000',0),(17,4,42.3608000000,-71.0876800000,200,'0.5000000000',0),(18,4,42.3616400000,-71.0902550000,300,'0.2000000000',0),(19,4,42.3608000000,-71.0876800000,200,'0.5000000000',0),(20,4,42.3616400000,-71.0902550000,300,'0.2000000000',0),(21,4,0.0000000000,0.0000000000,0,'0.0000000000',0),(22,4,0.0000000000,0.0000000000,0,'0.0000000000',0),(23,4,0.0000000000,0.0000000000,0,'0.0000000000',0),(24,4,0.0000000000,0.0000000000,0,'0.0000000000',0),(25,4,0.0000000000,0.0000000000,0,'0.0000000000',0),(26,4,0.0000000000,0.0000000000,0,'0.0000000000',0),(27,4,0.0000000000,0.0000000000,0,'0.0000000000',0),(28,4,0.0000000000,0.0000000000,0,'0.0000000000',0),(29,4,0.0000000000,0.0000000000,0,'0.0000000000',0),(30,4,0.0000000000,0.0000000000,0,'0.0000000000',0),(31,4,0.0000000000,0.0000000000,0,'0.0000000000',0),(32,4,0.0000000000,0.0000000000,0,'0.0000000000',0),(33,4,0.0000000000,0.0000000000,0,'0.0000000000',0),(34,4,0.0000000000,0.0000000000,0,'0.0000000000',0),(35,4,0.0000000000,0.0000000000,0,'0.0000000000',0),(36,4,0.0000000000,0.0000000000,0,'0.0000000000',0),(37,4,0.0000000000,0.0000000000,0,'0.0000000000',0),(38,4,0.0000000000,0.0000000000,0,'0.0000000000',0),(39,4,0.0000000000,0.0000000000,0,'0.0000000000',0),(40,4,0.0000000000,0.0000000000,0,'0.0000000000',0),(41,4,0.0000000000,0.0000000000,0,'0.0000000000',0),(42,4,0.0000000000,0.0000000000,0,'0.0000000000',0),(43,4,0.0000000000,0.0000000000,0,'0.0000000000',0),(44,4,0.0000000000,0.0000000000,0,'0.0000000000',0),(45,4,0.0000000000,0.0000000000,0,'0.0000000000',0),(46,4,0.0000000000,0.0000000000,0,'0.0000000000',0),(47,4,0.0000000000,0.0000000000,0,'0.0000000000',0),(48,4,0.0000000000,0.0000000000,0,'0.0000000000',0),(49,4,0.0000000000,0.0000000000,0,'0.0000000000',0),(50,4,0.0000000000,0.0000000000,0,'0.0000000000',0),(51,4,0.0000000000,0.0000000000,0,'0.0000000000',0),(52,4,0.0000000000,0.0000000000,0,'0.0000000000',0),(53,4,0.0000000000,0.0000000000,0,'0.0000000000',0),(54,4,0.0000000000,0.0000000000,0,'0.0000000000',0),(55,4,0.0000000000,0.0000000000,0,'0.0000000000',0),(56,4,0.0000000000,0.0000000000,0,'0.0000000000',0),(57,4,0.0000000000,0.0000000000,0,'0.0000000000',0),(58,4,0.0000000000,0.0000000000,0,'0.0000000000',0),(59,4,0.0000000000,0.0000000000,0,'0.0000000000',0),(60,4,0.0000000000,0.0000000000,0,'0.0000000000',0),(61,4,0.0000000000,0.0000000000,0,'0.0000000000',0),(62,4,0.0000000000,0.0000000000,0,'0.0000000000',0),(63,4,0.0000000000,0.0000000000,0,'0.0000000000',0),(64,4,0.0000000000,0.0000000000,0,'0.0000000000',0),(65,4,0.0000000000,0.0000000000,25,'0.0000000000',0),(66,4,0.0000000000,0.0000000000,0,'0.0000000000',0),(67,4,0.0000000000,0.0000000000,0,'0.0000000000',0),(68,4,0.0000000000,0.0000000000,0,'0.0000000000',0),(69,4,0.0000000000,0.0000000000,0,'0.0000000000',0),(70,4,0.0000000000,0.0000000000,0,'0.0000000000',0),(71,4,0.0000000000,0.0000000000,0,'0.0000000000',0),(72,4,0.0000000000,0.0000000000,0,'0.0000000000',0),(73,4,0.0000000000,0.0000000000,0,'0.0000000000',0),(74,4,0.0000000000,0.0000000000,0,'0.0000000000',0),(75,4,0.0000000000,0.0000000000,0,'0.0000000000',0),(76,4,0.0000000000,0.0000000000,0,'0.0000000000',0),(77,4,0.0000000000,0.0000000000,0,'0.0000000000',0),(78,4,0.0000000000,0.0000000000,0,'0.0000000000',0),(79,4,0.0000000000,0.0000000000,0,'0.0000000000',0),(80,4,0.0000000000,0.0000000000,0,'0.0000000000',0),(81,4,0.0000000000,0.0000000000,0,'0.0000000000',0),(82,4,0.0000000000,0.0000000000,0,'0.0000000000',0),(83,4,0.0000000000,0.0000000000,0,'0.0000000000',0),(84,4,0.0000000000,0.0000000000,0,'0.0000000000',0),(85,4,0.0000000000,0.0000000000,0,'0.0000000000',0),(86,4,0.0000000000,0.0000000000,0,'0.0000000000',0),(87,4,0.0000000000,0.0000000000,0,'0.0000000000',0),(88,4,0.0000000000,0.0000000000,0,'0.0000000000',0),(89,4,0.0000000000,0.0000000000,0,'0.0000000000',0),(90,4,0.0000000000,0.0000000000,0,'0.0000000000',0),(91,4,0.0000000000,0.0000000000,0,'0.0000000000',0),(92,4,0.0000000000,0.0000000000,0,'0.0000000000',0),(93,4,0.0000000000,0.0000000000,0,'0.0000000000',0),(94,4,0.0000000000,0.0000000000,0,'0.0000000000',0),(95,4,0.0000000000,0.0000000000,0,'0.0000000000',0),(96,4,0.0000000000,0.0000000000,0,'0.0000000000',0),(97,4,0.0000000000,0.0000000000,0,'0.0000000000',0),(98,4,0.0000000000,0.0000000000,0,'0.0000000000',0),(99,4,0.0000000000,0.0000000000,0,'0.0000000000',0),(100,4,0.0000000000,0.0000000000,0,'0.0000000000',0),(101,4,0.0000000000,0.0000000000,0,'0.0000000000',0),(102,4,0.0000000000,0.0000000000,0,'0.0000000000',0),(103,4,0.0000000000,0.0000000000,0,'0.0000000000',0),(104,4,0.0000000000,0.0000000000,0,'0.0000000000',0),(105,4,0.0000000000,0.0000000000,0,'0.0000000000',0),(106,4,0.0000000000,0.0000000000,0,'0.0000000000',0),(107,4,0.0000000000,0.0000000000,0,'0.0000000000',0),(108,4,0.0000000000,0.0000000000,0,'0.0000000000',0),(109,4,0.0000000000,0.0000000000,0,'0.0000000000',0),(110,4,0.0000000000,0.0000000000,0,'0.0000000000',0),(111,4,0.0000000000,0.0000000000,0,'0.0000000000',0),(112,4,0.0000000000,0.0000000000,0,'0.0000000000',0),(113,4,0.0000000000,0.0000000000,0,'0.0000000000',0),(114,4,0.0000000000,0.0000000000,0,'0.0000000000',0),(115,4,0.0000000000,0.0000000000,0,'0.0000000000',0),(116,4,0.0000000000,0.0000000000,0,'0.0000000000',0),(117,4,0.0000000000,0.0000000000,0,'0.0000000000',0),(118,4,0.0000000000,0.0000000000,25,'0.0000000000',0),(119,4,0.0000000000,0.0000000000,0,'0.0000000000',0),(120,4,0.0000000000,0.0000000000,0,'0.0000000000',0),(121,4,0.0000000000,0.0000000000,0,'0.0000000000',0),(122,4,0.0000000000,0.0000000000,0,'0.0000000000',0),(123,4,0.0000000000,0.0000000000,0,'0.0000000000',0),(124,4,0.0000000000,0.0000000000,0,'0.0000000000',0),(125,4,0.0000000000,0.0000000000,0,'0.0000000000',0),(126,4,0.0000000000,0.0000000000,0,'0.0000000000',0),(127,1,42.3608000000,-71.0876800000,200,'0.5000000000',0),(128,1,42.3616400000,-71.0902550000,300,'0.2000000000',0),(129,1,42.3608000000,-71.0876800000,200,'0.5000000000',0),(130,1,42.3616400000,-71.0902550000,300,'0.2000000000',0),(131,1,42.3608000000,-71.0876800000,200,'0.5000000000',0),(132,1,42.3616400000,-71.0902550000,300,'0.2000000000',0),(133,4,42.3608000000,-71.0876800000,200,'0.5000000000',0),(134,4,42.3616400000,-71.0902550000,300,'0.2000000000',0),(135,2,42.3608000000,-71.0876800000,200,'0.5000000000',0),(136,2,42.3616400000,-71.0902550000,300,'0.2000000000',0),(137,3,42.3465830000,-71.0966600000,200,'0.5000000000',0),(138,3,42.3626490000,-71.0810710000,300,'0.2000000000',0),(139,3,42.3779950000,-71.1170340000,400,'0.2000000000',0),(140,4,42.3708000000,-71.0976800000,200,'0.5000000000',0),(141,4,42.3716400000,-71.1002500000,300,'0.2000000000',0),(142,4,42.3296159230,-71.7846679688,100,'0.3670000000',0),(143,4,42.2773087742,-71.7921781540,100,'0.4000000000',0),(144,4,42.4082486505,-71.4385986328,100,'0.4000000000',0),(145,4,42.3522844508,-71.0552331805,100,'0.4330000000',0),(146,4,42.3625157193,-71.0861510038,100,'0.4330000000',0),(147,1,42.3628900000,71.0863900000,200,'0.4500000000',0),(148,1,42.3571700000,71.0918100000,200,'0.3300000000',0),(149,1,42.3547800000,71.0908600000,200,'0.3100000000',0),(150,1,42.3515600000,71.0893300000,200,'0.3100000000',0),(151,1,42.3429400000,71.0854200000,200,'0.3500000000',0),(152,1,42.3588600000,71.0943300000,200,'0.3400000000',0),(153,1,42.3628900000,-71.0863900000,200,'0.4500000000',0),(154,1,42.3571700000,-71.0918100000,200,'0.3300000000',0),(155,1,42.3547800000,-71.0908600000,200,'0.3100000000',0),(156,1,42.3515600000,-71.0893300000,200,'0.3100000000',0),(157,1,42.3429400000,-71.0854200000,200,'0.3500000000',0),(158,1,42.3588600000,-71.0943300000,200,'0.3400000000',0),(159,17,51.5205930000,-0.1208500000,5000,'0.2000000000',0),(160,17,48.8174750000,2.4169920000,2500,'0.3000000000',0),(161,4,42.3628900000,-71.0863900000,200,'0.4500000000',0),(162,4,42.3571700000,-71.0918100000,200,'0.3300000000',0),(163,4,42.3547800000,-71.0908600000,200,'0.3100000000',0),(164,4,42.3515600000,-71.0893300000,200,'0.3100000000',0),(165,4,42.3429400000,-71.0854200000,200,'0.3500000000',0),(166,4,42.3588600000,-71.0943300000,200,'0.3400000000',0),(167,4,0.0000000000,0.0000000000,0,'0.0000000000',0),(168,4,0.0000000000,0.0000000000,5.41,'0.9999999999',0),(169,4,42.3734850000,-71.1190040000,0.5,'0.9999999999',0),(170,4,42.3589940000,-71.0935610000,0.5,'0.9999999999',0),(171,4,42.3001170000,-71.0617590000,0.5,'0.9999999999',0),(172,4,42.3506130000,-71.0623000000,0.5,'0.9999999999',0),(173,4,0.0000000000,0.0000000000,0,'0.0000000000',0),(174,4,0.0000000000,0.0000000000,0,'0.0000000000',0),(175,4,0.0000000000,0.0000000000,0,'0.0000000000',0),(176,4,0.0000000000,0.0000000000,0,'0.0000000000',0),(177,4,0.0000000000,0.0000000000,0,'0.0000000000',0),(178,4,0.0000000000,0.0000000000,0,'0.0000000000',0),(179,4,0.0000000000,0.0000000000,0,'0.0000000000',0),(180,4,0.0000000000,0.0000000000,0,'0.0000000000',0),(181,4,0.0000000000,0.0000000000,0,'0.0000000000',0),(182,4,0.0000000000,0.0000000000,42.381635,'0.0000000000',0),(183,4,42.3734850000,-71.1190040000,0.317,'0.9999999999',0),(184,4,42.3589940000,-71.0935610000,0.3,'0.9999999999',0),(185,4,42.3001170000,-71.0617590000,0.292,'0.9999999999',0),(186,4,42.3506130000,-71.0623000000,0.292,'0.9999999999',0),(187,4,0.0000000000,0.0000000000,0,'0.0000000000',0),(188,4,0.0000000000,0.0000000000,0,'0.0000000000',0),(189,4,0.0000000000,0.0000000000,0,'0.0000000000',0),(190,4,0.0000000000,0.0000000000,0,'0.0000000000',0),(191,4,0.0000000000,0.0000000000,0,'0.0000000000',0),(192,4,0.0000000000,0.0000000000,0,'0.0000000000',0),(193,4,0.0000000000,0.0000000000,0,'0.0000000000',0),(194,4,0.0000000000,0.0000000000,42.381635,'0.0000000000',0),(195,4,42.3734850000,-71.1190040000,0.317,'0.9999999999',0),(196,4,42.3589940000,-71.0935610000,0.3,'0.9999999999',0),(197,4,42.3001170000,-71.0617590000,0.292,'0.9999999999',0),(198,4,42.3506130000,-71.0623000000,0.292,'0.9999999999',0),(199,4,42.3515100000,-71.0879600000,100,'0.4000000000',0),(200,4,42.3508400000,-71.0895100000,100,'0.4000000000',0),(201,4,42.3593600000,-71.0933000000,100,'0.5000000000',0),(202,4,42.3582000000,-71.0951400000,100,'0.4000000000',0),(203,4,42.3608500000,-71.0878800000,100,'0.3000000000',0),(204,4,0.0000000000,0.0000000000,0,'0.0000000000',0),(205,21,51.5205930000,-0.1208500000,5000,'0.2000000000',0),(206,21,48.8174750000,2.4169920000,2500,'0.3000000000',0),(207,21,48.8174700000,2.4169990000,2500,'0.3000000000',0),(208,21,48.8174650000,2.4169820000,2500,'0.3000000000',0),(209,21,48.8174550000,2.4169720000,2500,'0.3000000000',0),(210,21,48.8174450000,2.4169620000,2500,'0.3000000000',0),(211,21,48.8174350000,2.4169520000,2500,'0.3000000000',0),(212,21,48.8174250000,2.4169420000,2500,'0.3000000000',0),(213,21,48.8174150000,2.4169320000,2500,'0.3000000000',0),(214,21,48.8174050000,2.4169220000,2500,'0.3000000000',0),(215,21,51.5205930000,-0.1208500000,5000,'0.2000000000',0),(216,21,48.8174750000,2.4169920000,2500,'0.3000000000',0),(217,21,48.8164750000,2.4169920000,2500,'0.3000000000',0),(218,21,48.8154750000,2.4169920000,2500,'0.3000000000',0),(219,21,48.8144750000,2.4169920000,2500,'0.3000000000',0),(220,21,48.8134750000,2.4169920000,2500,'0.3000000000',0),(221,21,48.8124750000,2.4169920000,2500,'0.3000000000',0),(222,21,48.8114750000,2.4169920000,2500,'0.3000000000',0),(223,21,48.8174750000,2.4169920000,100,'0.3000000000',0),(224,21,48.8164750000,2.4169920000,100,'0.3000000000',0),(225,21,48.8154750000,2.4169920000,100,'0.3000000000',0),(226,21,48.8144750000,2.4169920000,100,'0.3000000000',0),(227,21,48.8134750000,2.4169920000,100,'0.3000000000',0),(228,21,48.8124750000,2.4169920000,100,'0.3000000000',0),(229,21,48.8114750000,2.4169920000,100,'0.3000000000',0),(230,21,48.8174750000,2.4169920000,100,'0.3000000000',0),(231,21,48.8164750000,2.4169920000,100,'0.3000000000',0),(232,21,48.8154750000,2.4169920000,100,'0.3000000000',0),(233,21,48.8144750000,2.4169920000,100,'0.3000000000',0),(234,21,48.8134750000,2.4169920000,100,'0.3000000000',0),(235,21,48.8124750000,2.4169920000,100,'0.3000000000',0),(236,21,48.8114750000,2.4169920000,100,'0.3000000000',0),(237,21,48.8174750000,2.4169920000,100,'0.3000000000',0),(238,21,48.8164750000,2.4169920000,100,'0.3000000000',0),(239,21,48.8154750000,2.4169920000,100,'0.3000000000',0),(240,21,48.8144750000,2.4169920000,100,'0.3000000000',0),(241,21,48.8134750000,2.4169920000,100,'0.3000000000',0),(242,21,48.8124750000,2.4169920000,100,'0.3000000000',0),(243,21,48.8114750000,2.4169920000,100,'0.3000000000',0),(244,21,48.8174750000,2.4169920000,100,'0.3000000000',0),(245,21,48.8164750000,2.4169920000,100,'0.3000000000',0),(246,21,48.8154750000,2.4169920000,100,'0.3000000000',0),(247,21,48.8144750000,2.4169920000,100,'0.3000000000',0),(248,21,48.8134750000,2.4169920000,100,'0.3000000000',0),(249,21,48.8124750000,2.4169920000,100,'0.3000000000',0),(250,21,48.8114750000,2.4169920000,100,'0.3000000000',0),(251,21,48.8104750000,2.4169920000,100,'0.3000000000',0),(252,21,48.8094750000,2.4169920000,100,'0.3000000000',0),(253,21,48.8084750000,2.4169920000,100,'0.3000000000',0),(254,21,48.8074750000,2.4169920000,100,'0.3000000000',0),(255,21,48.8064750000,2.4169920000,100,'0.3000000000',0),(256,21,48.8054750000,2.4169920000,100,'0.3000000000',0),(257,21,48.8044750000,2.4169920000,100,'0.3000000000',0),(258,21,48.8034750000,2.4169920000,100,'0.3000000000',0),(259,21,48.8024750000,2.4169920000,100,'0.3000000000',0),(260,21,48.8014750000,2.4169920000,100,'0.3000000000',0),(261,21,48.8004750000,2.4169920000,100,'0.3000000000',0),(262,21,48.8004750000,2.4179920000,100,'0.3000000000',0),(263,21,48.8004750000,2.4189920000,100,'0.3000000000',0),(264,21,48.8004750000,2.4199920000,100,'0.3000000000',0),(265,21,48.8004750000,2.4209920000,100,'0.3000000000',0),(266,21,48.8004750000,2.4219920000,100,'0.3000000000',0),(267,21,48.8004750000,2.4229920000,100,'0.3000000000',0),(268,21,48.8004750000,2.4239920000,100,'0.3000000000',0),(269,21,48.8004750000,2.4249920000,100,'0.3000000000',0),(270,21,48.8004750000,2.4259920000,100,'0.3000000000',0),(271,21,48.8004750000,2.4269920000,100,'0.3000000000',0),(272,21,48.8004750000,2.4279920000,100,'0.3000000000',0),(273,21,48.8004750000,2.4289920000,100,'0.3000000000',0),(274,21,48.8004750000,2.4299920000,100,'0.3000000000',0),(275,21,48.8174750000,2.4169920000,100,'0.3000000000',0),(276,21,48.8164750000,2.4169920000,100,'0.3000000000',0),(277,21,48.8154750000,2.4169920000,100,'0.3000000000',0),(278,21,48.8144750000,2.4169920000,100,'0.3000000000',0),(279,21,48.8134750000,2.4169920000,100,'0.3000000000',0),(280,21,48.8124750000,2.4169920000,100,'0.3000000000',0),(281,21,48.8114750000,2.4169920000,100,'0.3000000000',0),(282,21,48.8104750000,2.4169920000,100,'0.3000000000',0),(283,21,48.8094750000,2.4169920000,100,'0.3000000000',0),(284,21,48.8084750000,2.4169920000,100,'0.3000000000',0),(285,21,48.8074750000,2.4169920000,100,'0.3000000000',0),(286,21,48.8064750000,2.4169920000,100,'0.3000000000',0),(287,21,48.8054750000,2.4169920000,100,'0.3000000000',0),(288,21,48.8044750000,2.4169920000,100,'0.3000000000',0),(289,21,48.8034750000,2.4169920000,100,'0.3000000000',0),(290,21,48.8024750000,2.4169920000,100,'0.3000000000',0),(291,21,48.8014750000,2.4169920000,100,'0.3000000000',0),(292,21,48.8004750000,2.4169920000,100,'0.3000000000',0),(293,21,48.8004750000,2.4179920000,100,'0.3000000000',0),(294,21,48.8004750000,2.4189920000,100,'0.3000000000',0),(295,21,48.8004750000,2.4199920000,100,'0.3000000000',0),(296,21,48.8004750000,2.4209920000,100,'0.3000000000',0),(297,21,48.8004750000,2.4219920000,100,'0.3000000000',0),(298,21,48.8004750000,2.4229920000,100,'0.3000000000',0),(299,21,48.8004750000,2.4239920000,100,'0.3000000000',0),(300,21,48.8004750000,2.4249920000,100,'0.3000000000',0),(301,21,48.8004750000,2.4259920000,100,'0.3000000000',0),(302,21,48.8004750000,2.4269920000,100,'0.3000000000',0),(303,21,48.8004750000,2.4279920000,100,'0.3000000000',0),(304,21,48.8004750000,2.4289920000,100,'0.3000000000',0),(305,21,48.8004750000,2.4299920000,100,'0.3000000000',0),(306,21,48.8004750000,2.4309920000,100,'0.3000000000',0),(307,21,48.8004750000,2.4319920000,100,'0.3000000000',0),(308,21,48.8004750000,2.4329920000,100,'0.3000000000',0),(309,21,48.8004750000,2.4339920000,100,'0.3000000000',0),(310,21,48.8004750000,2.4349920000,100,'0.3000000000',0),(311,21,48.8004750000,2.4359920000,100,'0.3000000000',0),(312,21,48.8004750000,2.4369920000,100,'0.3000000000',0),(313,21,48.8004750000,2.4379920000,100,'0.3000000000',0),(314,21,48.8004750000,2.4389920000,100,'0.3000000000',0),(315,21,48.8004750000,2.4399920000,100,'0.3000000000',0),(316,21,48.8014750000,2.4399920000,100,'0.3000000000',0),(317,21,48.8024750000,2.4399920000,100,'0.3000000000',0),(318,21,48.8034750000,2.4399920000,100,'0.3000000000',0),(319,21,48.8044750000,2.4399920000,100,'0.3000000000',0),(320,21,48.8054750000,2.4399920000,100,'0.3000000000',0),(321,21,48.8064750000,2.4399920000,100,'0.3000000000',0),(322,21,48.8074750000,2.4399920000,100,'0.3000000000',0),(323,21,48.8084750000,2.4399920000,100,'0.3000000000',0),(324,21,48.8094750000,2.4399920000,100,'0.3000000000',0),(325,21,48.8104750000,2.4399920000,100,'0.3000000000',0),(326,21,48.8114750000,2.4399920000,100,'0.3000000000',0),(327,21,48.8124750000,2.4399920000,100,'0.3000000000',0),(328,21,48.8134750000,2.4399920000,100,'0.3000000000',0),(329,21,48.8144750000,2.4399920000,100,'0.3000000000',0),(330,21,48.8154750000,2.4399920000,100,'0.3000000000',0),(331,21,48.8164750000,2.4399920000,100,'0.3000000000',0),(332,21,48.8174750000,2.4399920000,100,'0.3000000000',0),(333,21,48.8184750000,2.4399920000,100,'0.3000000000',0),(334,21,48.8194750000,2.4399920000,100,'0.3000000000',0),(335,21,51.5205930000,-0.1208500000,5000,'0.2000000000',0),(336,21,48.8174750000,2.4169920000,2500,'0.3000000000',0),(337,21,48.8174750000,2.4169920000,100,'0.3000000000',0),(338,21,48.8164750000,2.4169920000,100,'0.3000000000',0),(339,21,48.8154750000,2.4169920000,100,'0.3000000000',0),(340,21,48.8144750000,2.4169920000,100,'0.3000000000',0),(341,21,48.8134750000,2.4169920000,100,'0.3000000000',0),(342,21,48.8124750000,2.4169920000,100,'0.3000000000',0),(343,21,48.8114750000,2.4169920000,100,'0.3000000000',0),(344,21,48.8104750000,2.4169920000,100,'0.3000000000',0),(345,21,48.8094750000,2.4169920000,100,'0.3000000000',0),(346,21,48.8084750000,2.4169920000,100,'0.3000000000',0),(347,21,48.8074750000,2.4169920000,100,'0.3000000000',0),(348,21,48.8064750000,2.4169920000,100,'0.3000000000',0),(349,21,48.8054750000,2.4169920000,100,'0.3000000000',0),(350,21,48.8044750000,2.4169920000,100,'0.3000000000',0),(351,21,48.8034750000,2.4169920000,100,'0.3000000000',0),(352,21,48.8024750000,2.4169920000,100,'0.3000000000',0),(353,21,48.8014750000,2.4169920000,100,'0.3000000000',0),(354,21,48.8004750000,2.4169920000,100,'0.3000000000',0),(355,21,48.8004750000,2.4179920000,100,'0.3000000000',0),(356,21,48.8004750000,2.4189920000,100,'0.3000000000',0),(357,21,48.8004750000,2.4199920000,100,'0.3000000000',0),(358,21,48.8004750000,2.4209920000,100,'0.3000000000',0),(359,21,48.8004750000,2.4219920000,100,'0.3000000000',0),(360,21,48.8004750000,2.4229920000,100,'0.3000000000',0),(361,21,48.8004750000,2.4239920000,100,'0.3000000000',0),(362,21,48.8004750000,2.4249920000,100,'0.3000000000',0),(363,21,48.8004750000,2.4259920000,100,'0.3000000000',0),(364,21,48.8004750000,2.4269920000,100,'0.3000000000',0),(365,21,48.8004750000,2.4279920000,100,'0.3000000000',0),(366,21,48.8004750000,2.4289920000,100,'0.3000000000',0),(367,21,48.8004750000,2.4299920000,100,'0.3000000000',0),(368,21,48.8004750000,2.4309920000,100,'0.3000000000',0),(369,21,48.8004750000,2.4319920000,100,'0.3000000000',0),(370,21,48.8004750000,2.4329920000,100,'0.3000000000',0),(371,21,48.8004750000,2.4339920000,100,'0.3000000000',0),(372,21,48.8004750000,2.4349920000,100,'0.3000000000',0),(373,21,48.8004750000,2.4359920000,100,'0.3000000000',0),(374,21,48.8004750000,2.4369920000,100,'0.3000000000',0),(375,21,48.8004750000,2.4379920000,100,'0.3000000000',0),(376,21,48.8004750000,2.4389920000,100,'0.3000000000',0),(377,21,48.8004750000,2.4399920000,100,'0.3000000000',0),(378,21,48.8014750000,2.4399920000,100,'0.3000000000',0),(379,21,48.8024750000,2.4399920000,100,'0.3000000000',0),(380,21,48.8034750000,2.4399920000,100,'0.3000000000',0),(381,21,48.8044750000,2.4399920000,100,'0.3000000000',0),(382,21,48.8054750000,2.4399920000,100,'0.3000000000',0),(383,21,48.8064750000,2.4399920000,100,'0.3000000000',0),(384,21,48.8074750000,2.4399920000,100,'0.3000000000',0),(385,21,48.8084750000,2.4399920000,100,'0.3000000000',0),(386,21,48.8094750000,2.4399920000,100,'0.3000000000',0),(387,21,48.8104750000,2.4399920000,100,'0.3000000000',0),(388,21,48.8114750000,2.4399920000,100,'0.3000000000',0),(389,21,48.8124750000,2.4399920000,100,'0.3000000000',0),(390,21,48.8134750000,2.4399920000,100,'0.3000000000',0),(391,21,48.8144750000,2.4399920000,100,'0.3000000000',0),(392,21,48.8154750000,2.4399920000,100,'0.3000000000',0),(393,21,48.8164750000,2.4399920000,100,'0.3000000000',0),(394,21,48.8174750000,2.4399920000,100,'0.3000000000',0),(395,21,48.8184750000,2.4399920000,100,'0.3000000000',0),(396,21,48.8194750000,2.4399920000,100,'0.3000000000',0),(397,3,0.0000000000,0.0000000000,0,'0.0000000000',0),(398,3,0.0000000000,0.0000000000,0,'0.0000000000',0),(399,3,0.0000000000,0.0000000000,0,'0.0000000000',0),(400,3,0.0000000000,0.0000000000,0,'0.0000000000',0),(401,3,0.0000000000,0.0000000000,0,'0.0000000000',0),(402,3,0.0000000000,0.0000000000,0,'0.0000000000',0),(403,3,0.0000000000,0.0000000000,0,'0.0000000000',0),(404,26,42.3608100000,-71.0876800000,200,'0.5000000000',0),(405,26,42.3616400000,-71.0902550000,300,'0.2000000000',0),(406,28,42.3624140000,-71.0862910000,50,'0.9512550000',0),(407,28,42.3590960000,-71.0938150000,50,'0.0114320000',0),(408,28,42.3508380000,-71.0894410000,50,'0.9509890000',0),(409,28,42.3477810000,-71.0877270000,50,'0.9512570000',0),(410,28,42.3625040000,-71.0900940000,50,'0.9509950000',0),(411,28,42.3624140000,-71.0862910000,50,'0.9512550000',0),(412,28,42.3590960000,-71.0938150000,50,'0.0114320000',0),(413,28,42.3508380000,-71.0894410000,50,'0.9509890000',0),(414,28,42.3477810000,-71.0877270000,50,'0.9512570000',0),(415,28,42.3625040000,-71.0900940000,50,'0.9509950000',0),(416,28,42.3624140000,-71.0862910000,150,'0.9512550000',0),(417,28,42.3590960000,-71.0938150000,150,'0.0114320000',0),(418,28,42.3508380000,-71.0894410000,150,'0.9509890000',0),(419,28,42.3477810000,-71.0877270000,150,'0.9512570000',0),(420,28,42.3625040000,-71.0900940000,150,'0.9509950000',0),(421,28,42.3624140000,-71.0862910000,300,'0.9512550000',0),(422,28,42.3590960000,-71.0938150000,300,'0.0114320000',0),(423,28,42.3508380000,-71.0894410000,300,'0.9509890000',0),(424,28,42.3477810000,-71.0877270000,300,'0.9512570000',0),(425,28,42.3625040000,-71.0900940000,300,'0.9509950000',0),(426,28,42.3624140000,-71.0862910000,300,'0.6426190000',0),(427,28,42.3590960000,-71.0938150000,300,'0.6269840000',0),(428,28,42.3508380000,-71.0894410000,300,'0.5913890000',0),(429,28,42.3477810000,-71.0877270000,300,'0.1533220000',0),(430,28,42.3625040000,-71.0900940000,300,'0.0611110000',0),(431,28,42.3624140000,-71.0862910000,300,'0.2119170000',0),(432,28,42.3590960000,-71.0938150000,300,'0.1165280000',0),(433,28,42.3508380000,-71.0894410000,300,'0.1473290000',0),(434,28,42.3477810000,-71.0877270000,300,'0.1220350000',0),(435,28,42.3625040000,-71.0900940000,300,'0.2618520000',0),(436,28,42.3624140000,-71.0862910000,300,'0.3987080000',0),(437,28,42.3590960000,-71.0938150000,300,'0.0499310000',0),(438,28,42.3508380000,-71.0894410000,300,'0.2212330000',0),(439,28,42.3477810000,-71.0877270000,300,'0.2238370000',0),(440,28,42.3625040000,-71.0900940000,300,'0.1073610000',0),(441,29,42.3454240000,-71.0906650000,300,'0.1508000000',0),(442,29,42.3454440000,-71.0907960000,300,'0.1211000000',0),(443,29,42.3454460000,-71.0906480000,300,'0.1580000000',0),(444,29,42.3455050000,-71.0903490000,300,'0.1398000000',0),(445,29,42.3454900000,-71.0903230000,300,'0.1618000000',0),(446,29,42.3454900000,-71.0903230000,300,'0.1475000000',0),(447,29,42.3454850000,-71.0901980000,300,'0.1514000000',0),(448,29,42.3454790000,-71.0902100000,300,'0.1284000000',0),(449,29,42.3454520000,-71.0903400000,300,'0.1400000000',0),(450,29,42.3454520000,-71.0903400000,300,'0.1208000000',0),(451,29,42.3454550000,-71.0903790000,300,'0.1454000000',0),(452,29,42.3454650000,-71.0905670000,300,'0.1682000000',0),(453,29,42.3454850000,-71.0905080000,300,'0.1435000000',0),(454,29,42.3455380000,-71.0903550000,300,'0.1689000000',0),(455,29,42.3454330000,-71.0906010000,300,'0.1626000000',0),(456,29,42.3453500000,-71.0909600000,300,'0.1755000000',0),(457,29,42.3453810000,-71.0907910000,300,'0.1524000000',0),(458,29,42.3454830000,-71.0905320000,300,'0.1730000000',0),(459,29,42.3454820000,-71.0903830000,300,'0.1822000000',0),(460,29,42.3454180000,-71.0905060000,300,'0.1489000000',0),(461,29,42.3454170000,-71.0904030000,300,'0.1759000000',0),(462,29,42.3453900000,-71.0902180000,300,'0.1788000000',0),(463,29,42.3453780000,-71.0903650000,300,'0.2081000000',0),(464,29,42.3452870000,-71.0904500000,300,'0.1535000000',0),(465,29,42.3453430000,-71.0903690000,300,'0.1580000000',0),(466,29,42.3455700000,-71.0903470000,300,'0.1711000000',0),(467,29,42.3455500000,-71.0902540000,300,'0.1791000000',0),(468,29,42.3452310000,-71.0904020000,300,'0.1778000000',0),(469,29,42.3456280000,-71.0901900000,300,'0.1641000000',0),(470,29,42.3457640000,-71.0901370000,300,'0.1710000000',0),(471,29,42.3455170000,-71.0903640000,300,'0.2021000000',0),(472,29,42.3454690000,-71.0904170000,300,'0.1706000000',0),(473,29,42.3454840000,-71.0903920000,300,'0.1786000000',0),(474,29,42.3454320000,-71.0903910000,300,'0.1609000000',0),(475,29,42.3454000000,-71.0903910000,300,'0.1469000000',0),(476,29,42.3455320000,-71.0903120000,300,'0.1943000000',0),(477,29,42.3456140000,-71.0902340000,300,'0.1690000000',0),(478,29,42.3457400000,-71.0902160000,300,'0.1604000000',0),(479,29,42.3456430000,-71.0901800000,300,'0.1483000000',0),(480,29,42.3456300000,-71.0902680000,300,'0.1596000000',0),(481,29,42.3456960000,-71.0904730000,300,'0.1798000000',0),(482,29,42.3457180000,-71.0905420000,300,'0.1604000000',0),(483,29,42.3457180000,-71.0905420000,300,'0.1674000000',0),(484,29,42.3456160000,-71.0905140000,300,'0.1621000000',0),(485,29,42.3452400000,-71.0903950000,300,'0.1770000000',0),(486,29,42.3455630000,-71.0903160000,300,'0.1760000000',0),(487,29,42.3456020000,-71.0902100000,300,'0.1760000000',0),(488,29,42.3456050000,-71.0902870000,300,'0.1662000000',0),(489,29,42.3456120000,-71.0903000000,300,'0.1703000000',0),(490,29,42.3456340000,-71.0902790000,300,'0.2040000000',0),(491,29,42.3455050000,-71.0903960000,300,'0.1705000000',0),(492,29,42.3453160000,-71.0902120000,300,'0.1686000000',0),(493,29,42.3455210000,-71.0904250000,300,'0.1722000000',0),(494,29,42.3454450000,-71.0904950000,300,'0.1675000000',0),(495,29,42.3454990000,-71.0903100000,300,'0.1692000000',0),(496,29,42.3455070000,-71.0901650000,300,'0.1701000000',0),(497,29,42.3459480000,-71.0900220000,300,'0.1708000000',0),(498,29,42.3452910000,-71.0904290000,300,'0.1714000000',0),(499,29,42.3453800000,-71.0903470000,300,'0.1689000000',0),(500,29,42.3454450000,-71.0903980000,300,'0.1681000000',0),(501,29,42.3456290000,-71.0904110000,300,'0.1651000000',0),(502,29,42.3442030000,-71.0909940000,300,'0.1658000000',0),(503,29,42.3437790000,-71.0911170000,300,'0.1696000000',0),(504,29,42.3442320000,-71.0908180000,300,'0.1671000000',0),(505,29,42.3446750000,-71.0906330000,300,'0.1684000000',0),(506,29,42.3449750000,-71.0904530000,300,'0.1687000000',0),(507,29,42.3455170000,-71.0903640000,100,'0.2021000000',0),(508,29,42.3454690000,-71.0904170000,100,'0.1706000000',0),(509,29,42.3454840000,-71.0903920000,100,'0.1786000000',0),(510,29,42.3454320000,-71.0903910000,100,'0.1609000000',0),(511,29,42.3454000000,-71.0903910000,100,'0.1469000000',0),(512,29,42.3455320000,-71.0903120000,100,'0.1943000000',0),(513,29,42.3456140000,-71.0902340000,100,'0.1690000000',0),(514,29,42.3457400000,-71.0902160000,100,'0.1604000000',0),(515,29,42.3456430000,-71.0901800000,100,'0.1483000000',0),(516,29,42.3456300000,-71.0902680000,100,'0.1596000000',0),(517,29,42.3456960000,-71.0904730000,100,'0.1798000000',0),(518,29,42.3457180000,-71.0905420000,100,'0.1604000000',0),(519,29,42.3457180000,-71.0905420000,100,'0.1674000000',0),(520,29,42.3456160000,-71.0905140000,100,'0.1621000000',0),(521,29,42.3452400000,-71.0903950000,100,'0.1770000000',0),(522,29,42.3455630000,-71.0903160000,100,'0.1760000000',0),(523,29,42.3456020000,-71.0902100000,100,'0.1760000000',0),(524,29,42.3456050000,-71.0902870000,100,'0.1662000000',0),(525,29,42.3456120000,-71.0903000000,100,'0.1703000000',0),(526,29,42.3456340000,-71.0902790000,100,'0.2040000000',0),(527,29,42.3455050000,-71.0903960000,100,'0.1705000000',0),(528,29,42.3453160000,-71.0902120000,100,'0.1686000000',0),(529,29,42.3455210000,-71.0904250000,100,'0.1722000000',0),(530,29,42.3454450000,-71.0904950000,100,'0.1675000000',0),(531,29,42.3454990000,-71.0903100000,100,'0.1692000000',0),(532,29,42.3455070000,-71.0901650000,100,'0.1701000000',0),(533,29,42.3459480000,-71.0900220000,100,'0.1708000000',0),(534,29,42.3452910000,-71.0904290000,100,'0.1714000000',0),(535,29,42.3453800000,-71.0903470000,100,'0.1689000000',0),(536,29,42.3454450000,-71.0903980000,100,'0.1681000000',0),(537,29,42.3456290000,-71.0904110000,100,'0.1651000000',0),(538,29,42.3442030000,-71.0909940000,100,'0.1658000000',0),(539,29,42.3437790000,-71.0911170000,100,'0.1696000000',0),(540,29,42.3442320000,-71.0908180000,100,'0.1671000000',0),(541,29,42.3446750000,-71.0906330000,100,'0.1684000000',0),(542,29,42.3449750000,-71.0904530000,100,'0.1687000000',0),(543,29,42.3449750000,-71.0904530000,50,'0.1670000000',0),(544,29,42.3449750000,-71.0904530000,50,'0.1663000000',0),(545,29,42.3449750000,-71.0904530000,50,'0.1667000000',0),(546,29,42.3457610000,-71.0902880000,50,'0.1685000000',0),(547,29,42.3471880000,-71.0898660000,50,'0.1689000000',0),(548,29,42.3465120000,-71.0900520000,50,'0.1659000000',0),(549,29,42.3459470000,-71.0902740000,50,'0.1669000000',0),(550,29,42.3455320000,-71.0903670000,50,'0.1676000000',0),(551,29,42.3456600000,-71.0902080000,50,'0.1670000000',0),(552,29,42.3455690000,-71.0903660000,50,'0.1660000000',0),(553,29,42.3455670000,-71.0903170000,50,'0.1673000000',0),(554,29,42.3454530000,-71.0899790000,50,'0.1660000000',0),(555,29,42.3455540000,-71.0902390000,50,'0.1661000000',0),(556,29,42.3455550000,-71.0902660000,50,'0.1846000000',0),(557,29,42.3455600000,-71.0903000000,50,'0.1659000000',0),(558,29,42.3456300000,-71.0903050000,50,'0.1662000000',0),(559,29,42.3451580000,-71.0902400000,50,'0.1667000000',0),(560,29,42.3454540000,-71.0903810000,50,'0.1623000000',0),(561,29,42.3452050000,-71.0901370000,50,'0.1651000000',0),(562,29,42.3453000000,-71.0900750000,50,'0.1658000000',0),(563,29,42.3456770000,-71.0903660000,50,'0.1637000000',0),(564,29,42.3454820000,-71.0902150000,50,'0.1628000000',0),(565,29,42.3456790000,-71.0904540000,50,'0.1637000000',0),(566,29,42.3454930000,-71.0903550000,50,'0.1641000000',0),(567,29,42.3454650000,-71.0903120000,50,'0.1630000000',0),(568,29,42.3454760000,-71.0902820000,50,'0.1622000000',0),(569,29,42.3455410000,-71.0901930000,50,'0.1624000000',0),(570,29,42.3453810000,-71.0903560000,50,'0.1625000000',0),(571,29,42.3453520000,-71.0903410000,50,'0.1629000000',0),(572,29,42.3455650000,-71.0903710000,50,'0.1620000000',0),(573,29,42.3453320000,-71.0902490000,50,'0.1621000000',0),(574,29,42.3453520000,-71.0903210000,50,'0.1605000000',0),(575,29,42.3453650000,-71.0903350000,50,'0.1639000000',0),(576,29,42.3455930000,-71.0903430000,50,'0.1636000000',0),(577,29,42.3455690000,-71.0902370000,50,'0.1614000000',0),(578,29,42.3455780000,-71.0901950000,10,'0.1593000000',0),(579,29,42.3455610000,-71.0902330000,10,'0.1611000000',0),(580,29,42.3455130000,-71.0903490000,10,'0.1631000000',0),(581,29,42.3455600000,-71.0903000000,10,'0.1630000000',0),(582,29,42.3455850000,-71.0903230000,10,'0.1599000000',0),(583,29,42.3455850000,-71.0903230000,10,'0.1607000000',0),(584,29,42.3455730000,-71.0903180000,10,'0.1588000000',0),(585,29,42.3454880000,-71.0902850000,10,'0.1636000000',0),(586,29,42.3454540000,-71.0901920000,10,'0.1587000000',0),(587,29,42.3455730000,-71.0902560000,10,'0.1607000000',0),(588,29,42.3455800000,-71.0903080000,10,'0.1593000000',0),(589,29,42.3456090000,-71.0903170000,10,'0.1619000000',0),(590,29,42.3456240000,-71.0902450000,10,'0.1617000000',0),(591,29,42.3455420000,-71.0904390000,10,'0.1606000000',0),(592,29,42.3454620000,-71.0904170000,10,'0.1605000000',0),(593,29,42.3454080000,-71.0903330000,10,'0.1576000000',0),(594,29,42.3454120000,-71.0903340000,10,'0.1595000000',0),(595,29,42.3454860000,-71.0903450000,10,'0.1604000000',0),(596,29,42.3453860000,-71.0901260000,10,'0.1622000000',0),(597,29,42.3454700000,-71.0899300000,10,'0.1599000000',0),(598,29,42.3453890000,-71.0897850000,10,'0.1609000000',0),(599,29,42.3451880000,-71.0900560000,10,'0.1645000000',0),(600,29,42.3453390000,-71.0900640000,10,'0.1692000000',0),(601,29,42.3451870000,-71.0898330000,10,'0.1477000000',0),(602,29,42.3452870000,-71.0901650000,10,'0.1325000000',0),(603,29,42.3452770000,-71.0901170000,10,'0.1313000000',0),(604,29,42.3443450000,-71.0900080000,10,'0.1211000000',0),(605,29,42.3439890000,-71.0881890000,10,'0.1231000000',0),(606,29,42.3438180000,-71.0864620000,10,'0.1201000000',0),(607,29,42.3431390000,-71.0851300000,10,'0.1476000000',0),(608,29,42.3427920000,-71.0850770000,10,'0.1400000000',0),(609,29,42.3422450000,-71.0842010000,10,'0.1181000000',0),(610,29,42.3432590000,-71.0834470000,10,'0.1311000000',0),(611,29,42.3441690000,-71.0827970000,10,'0.1264000000',0),(612,29,42.3455740000,-71.0826260000,10,'0.1505000000',0),(613,29,42.3459290000,-71.0817810000,10,'0.1356000000',0),(614,29,42.3465690000,-71.0806430000,10,'0.1364000000',0),(615,29,42.3474680000,-71.0800170000,10,'0.1364000000',0),(616,29,42.3485270000,-71.0805040000,10,'0.1251000000',0),(617,29,42.3490670000,-71.0814880000,10,'0.1274000000',0),(618,29,42.3453860000,-71.0901260000,100,'0.1622000000',0),(619,29,42.3454700000,-71.0899300000,100,'0.1599000000',0),(620,29,42.3453890000,-71.0897850000,100,'0.1609000000',0),(621,29,42.3451880000,-71.0900560000,100,'0.1645000000',0),(622,29,42.3453390000,-71.0900640000,100,'0.1692000000',0),(623,29,42.3451870000,-71.0898330000,100,'0.1477000000',0),(624,29,42.3452870000,-71.0901650000,100,'0.1325000000',0),(625,29,42.3452770000,-71.0901170000,100,'0.1313000000',0),(626,29,42.3443450000,-71.0900080000,100,'0.1211000000',0),(627,29,42.3439890000,-71.0881890000,100,'0.1231000000',0),(628,29,42.3438180000,-71.0864620000,100,'0.1201000000',0),(629,29,42.3431390000,-71.0851300000,100,'0.1476000000',0),(630,29,42.3427920000,-71.0850770000,100,'0.1400000000',0),(631,29,42.3422450000,-71.0842010000,100,'0.1181000000',0),(632,29,42.3432590000,-71.0834470000,100,'0.1311000000',0),(633,29,42.3441690000,-71.0827970000,100,'0.1264000000',0),(634,29,42.3455740000,-71.0826260000,100,'0.1505000000',0),(635,29,42.3459290000,-71.0817810000,100,'0.1356000000',0),(636,29,42.3465690000,-71.0806430000,100,'0.1364000000',0),(637,29,42.3474680000,-71.0800170000,100,'0.1364000000',0),(638,29,42.3485270000,-71.0805040000,100,'0.1251000000',0),(639,29,42.3490670000,-71.0814880000,100,'0.1274000000',0),(640,31,42.3453920000,-71.0901300000,200,'0.0148510000',0),(641,31,42.3453800000,-71.0901230000,200,'0.0145520000',0),(642,31,42.3454300000,-71.0901720000,200,'0.0146740000',0),(643,31,42.3455090000,-71.0896880000,200,'0.0147290000',0),(644,31,42.3455770000,-71.0896330000,200,'0.0148510000',0),(645,31,42.3452010000,-71.0899380000,200,'0.0148840000',0),(646,31,42.3452170000,-71.0900810000,200,'0.0147850000',0),(647,31,42.3451590000,-71.0900310000,200,'0.0148730000',0),(648,31,42.3454600000,-71.0902100000,200,'0.0094920000',0),(649,31,42.3452180000,-71.0899190000,200,'0.0171160000',0),(650,31,42.3451710000,-71.0898140000,200,'0.0199670000',0),(651,31,42.3452030000,-71.0898510000,200,'0.0252930000',0),(652,31,42.3452760000,-71.0901830000,200,'0.0288950000',0),(653,31,42.3452970000,-71.0901470000,200,'0.0283650000',0),(654,31,42.3453740000,-71.0900430000,200,'0.0288730000',0),(655,31,42.3451810000,-71.0901900000,200,'0.0296460000',0),(656,31,42.3446350000,-71.0901910000,200,'0.0297240000',0),(657,31,42.3440540000,-71.0898250000,200,'0.0281880000',0),(658,31,42.3440580000,-71.0886900000,200,'0.0296130000',0),(659,31,42.3439200000,-71.0876880000,200,'0.0305300000',0),(660,31,42.3439020000,-71.0869040000,200,'0.0329060000',0),(661,31,42.3437340000,-71.0860210000,200,'0.0323430000',0),(662,31,42.3433870000,-71.0851910000,200,'0.0329500000',0),(663,31,42.3428900000,-71.0850690000,200,'0.0360550000',0),(664,31,42.3428450000,-71.0847690000,200,'0.0363540000',0),(665,31,42.3427380000,-71.0853850000,200,'0.0387620000',0),(666,31,42.3421340000,-71.0841900000,200,'0.0399230000',0),(667,31,42.3423560000,-71.0842120000,200,'0.0431710000',0),(668,31,42.3429850000,-71.0837360000,200,'0.0461220000',0),(669,31,42.3435320000,-71.0831580000,200,'0.0515140000',0),(670,31,42.3439010000,-71.0825300000,200,'0.0522760000',0),(671,31,42.3444370000,-71.0830630000,200,'0.0574810000',0),(672,31,42.3452280000,-71.0828720000,200,'0.0631930000',0),(673,31,42.3459190000,-71.0823800000,200,'0.0664090000',0),(674,31,42.3459620000,-71.0821320000,200,'0.0717020000',0),(675,31,42.3458970000,-71.0814310000,200,'0.0769940000',0),(676,31,42.3463000000,-71.0807010000,200,'0.0838230000',0),(677,31,42.3468370000,-71.0805840000,200,'0.0897460000',0),(678,31,42.3472900000,-71.0799590000,200,'0.0971270000',0),(679,31,42.3476470000,-71.0800740000,200,'0.1057130000',0),(680,31,42.3483620000,-71.0804360000,200,'0.1158450000',0),(681,31,42.3486920000,-71.0805710000,200,'0.1276020000',0),(682,31,42.3491680000,-71.0810420000,200,'0.1424860000',0),(683,31,42.3489660000,-71.0819340000,200,'0.1614360000',0),(684,31,42.3453920000,-71.0901300000,200,'0.0030380000',0),(685,31,42.3453800000,-71.0901230000,200,'0.0027300000',0),(686,31,42.3454300000,-71.0901720000,200,'0.0032140000',0),(687,31,42.3455090000,-71.0896880000,200,'0.0030160000',0),(688,31,42.3455770000,-71.0896330000,200,'0.0032910000',0),(689,31,42.3452010000,-71.0899380000,200,'0.0031590000',0),(690,31,42.3452170000,-71.0900810000,200,'0.0028070000',0),(691,31,42.3451590000,-71.0900310000,200,'0.0028070000',0),(692,31,42.3454600000,-71.0902100000,200,'0.0032470000',0),(693,31,42.3452180000,-71.0899190000,200,'0.0021350000',0),(694,31,42.3451710000,-71.0898140000,200,'0.0074190000',0),(695,31,42.3452030000,-71.0898510000,200,'0.0164120000',0),(696,31,42.3452760000,-71.0901830000,200,'0.0175560000',0),(697,31,42.3452970000,-71.0901470000,200,'0.0185690000',0),(698,31,42.3453740000,-71.0900430000,200,'0.0164340000',0),(699,31,42.3451810000,-71.0901900000,200,'0.0178100000',0),(700,31,42.3446350000,-71.0901910000,200,'0.0193180000',0),(701,31,42.3440540000,-71.0898250000,200,'0.0196040000',0),(702,31,42.3440580000,-71.0886900000,200,'0.0201320000',0),(703,31,42.3439200000,-71.0876880000,200,'0.0200440000',0),(704,31,42.3439020000,-71.0869040000,200,'0.0207710000',0),(705,31,42.3437340000,-71.0860210000,200,'0.0224770000',0),(706,31,42.3433870000,-71.0851910000,200,'0.0225760000',0),(707,31,42.3428900000,-71.0850690000,200,'0.0240840000',0),(708,31,42.3428450000,-71.0847690000,200,'0.0265380000',0),(709,31,42.3427380000,-71.0853850000,200,'0.0292020000',0),(710,31,42.3421340000,-71.0841900000,200,'0.0314580000',0),(711,31,42.3423560000,-71.0842120000,200,'0.0357620000',0),(712,31,42.3429850000,-71.0837360000,200,'0.0375230000',0),(713,31,42.3435320000,-71.0831580000,200,'0.0415630000',0),(714,31,42.3439010000,-71.0825300000,200,'0.0442930000',0),(715,31,42.3444370000,-71.0830630000,200,'0.0486630000',0),(716,31,42.3452280000,-71.0828720000,200,'0.0522950000',0),(717,31,42.3459190000,-71.0823800000,200,'0.0561140000',0),(718,31,42.3459620000,-71.0821320000,200,'0.0616070000',0),(719,31,42.3458970000,-71.0814310000,200,'0.0675620000',0),(720,31,42.3463000000,-71.0807010000,200,'0.0737150000',0),(721,31,42.3468370000,-71.0805840000,200,'0.0807150000',0),(722,31,42.3472900000,-71.0799590000,200,'0.0880240000',0),(723,31,42.3476470000,-71.0800740000,200,'0.0967200000',0),(724,31,42.3483620000,-71.0804360000,200,'0.1073420000',0),(725,31,42.3486920000,-71.0805710000,200,'0.1185360000',0),(726,31,42.3491680000,-71.0810420000,200,'0.1338910000',0),(727,31,42.3489660000,-71.0819340000,200,'0.1519980000',0),(728,31,42.3453920000,-71.0901300000,200,'0.3894150000',0),(729,31,42.3453800000,-71.0901230000,200,'0.3853100000',0),(730,31,42.3454300000,-71.0901720000,200,'0.4059730000',0),(731,31,42.3455090000,-71.0896880000,200,'0.3645040000',0),(732,31,42.3455770000,-71.0896330000,200,'0.3822580000',0),(733,31,42.3452010000,-71.0899380000,200,'0.3552060000',0),(734,31,42.3452170000,-71.0900810000,200,'0.3626770000',0),(735,31,42.3451590000,-71.0900310000,200,'0.4259360000',0),(736,31,42.3454600000,-71.0902100000,200,'0.2652430000',0),(737,31,42.3452180000,-71.0899190000,200,'0.2548920000',0),(738,31,42.3451710000,-71.0898140000,200,'0.2685850000',0),(739,31,42.3452030000,-71.0898510000,200,'0.2384990000',0),(740,31,42.3452760000,-71.0901830000,200,'0.3141990000',0),(741,31,42.3452970000,-71.0901470000,200,'0.4030160000',0),(742,31,42.3453740000,-71.0900430000,200,'0.3637180000',0),(743,31,42.3451810000,-71.0901900000,200,'0.5172410000',0),(744,31,42.3446350000,-71.0901910000,200,'0.5390700000',0),(745,31,42.3440540000,-71.0898250000,200,'0.5714220000',0),(746,31,42.3440580000,-71.0886900000,200,'0.5451830000',0),(747,31,42.3439200000,-71.0876880000,200,'0.5238660000',0),(748,31,42.3439020000,-71.0869040000,200,'0.5404980000',0),(749,31,42.3437340000,-71.0860210000,200,'0.5070070000',0),(750,31,42.3433870000,-71.0851910000,200,'0.5579750000',0),(751,31,42.3428900000,-71.0850690000,200,'0.5031670000',0),(752,31,42.3428450000,-71.0847690000,200,'0.5466890000',0),(753,31,42.3427380000,-71.0853850000,200,'0.5137940000',0),(754,31,42.3421340000,-71.0841900000,200,'0.5437490000',0),(755,31,42.3423560000,-71.0842120000,200,'0.5810990000',0),(756,31,42.3429850000,-71.0837360000,200,'0.5965820000',0),(757,31,42.3435320000,-71.0831580000,200,'0.5886240000',0),(758,31,42.3439010000,-71.0825300000,200,'0.5148640000',0),(759,31,42.3444370000,-71.0830630000,200,'0.6481390000',0),(760,31,42.3452280000,-71.0828720000,200,'0.6135350000',0),(761,31,42.3459190000,-71.0823800000,200,'0.6241630000',0),(762,31,42.3459620000,-71.0821320000,200,'0.6060530000',0),(763,31,42.3458970000,-71.0814310000,200,'0.5002540000',0),(764,31,42.3463000000,-71.0807010000,200,'0.5083920000',0),(765,31,42.3468370000,-71.0805840000,200,'0.4954490000',0),(766,31,42.3472900000,-71.0799590000,200,'0.4786710000',0),(767,31,42.3476470000,-71.0800740000,200,'0.5602410000',0),(768,31,42.3483620000,-71.0804360000,200,'0.5478310000',0),(769,31,42.3486920000,-71.0805710000,200,'0.5055430000',0),(770,31,42.3491680000,-71.0810420000,200,'0.4739780000',0),(771,31,42.3489660000,-71.0819340000,200,'0.5547070000',0),(772,32,42.3453920000,-71.0901300000,100,'0.0148510000',0),(773,32,42.3453800000,-71.0901230000,100,'0.0145520000',0),(774,32,42.3454300000,-71.0901720000,100,'0.0146740000',0),(775,32,42.3455090000,-71.0896880000,100,'0.0147290000',0),(776,32,42.3455770000,-71.0896330000,100,'0.0148510000',0),(777,32,42.3452010000,-71.0899380000,100,'0.0148840000',0),(778,32,42.3452170000,-71.0900810000,100,'0.0147850000',0),(779,32,42.3451590000,-71.0900310000,100,'0.0148730000',0),(780,32,42.3454600000,-71.0902100000,100,'0.0094920000',0),(781,32,42.3452180000,-71.0899190000,100,'0.0171160000',0),(782,32,42.3451710000,-71.0898140000,100,'0.0199670000',0),(783,32,42.3452030000,-71.0898510000,100,'0.0252930000',0),(784,32,42.3452760000,-71.0901830000,100,'0.0288950000',0),(785,32,42.3452970000,-71.0901470000,100,'0.0283650000',0),(786,32,42.3453740000,-71.0900430000,100,'0.0288730000',0),(787,32,42.3451810000,-71.0901900000,100,'0.0296460000',0),(788,32,42.3446350000,-71.0901910000,100,'0.0297240000',0),(789,32,42.3440540000,-71.0898250000,100,'0.0281880000',0),(790,32,42.3440580000,-71.0886900000,100,'0.0296130000',0),(791,32,42.3439200000,-71.0876880000,100,'0.0305300000',0),(792,32,42.3439020000,-71.0869040000,100,'0.0329060000',0),(793,32,42.3437340000,-71.0860210000,100,'0.0323430000',0),(794,32,42.3433870000,-71.0851910000,100,'0.0329500000',0),(795,32,42.3428900000,-71.0850690000,100,'0.0360550000',0),(796,32,42.3428450000,-71.0847690000,100,'0.0363540000',0),(797,32,42.3427380000,-71.0853850000,100,'0.0387620000',0),(798,32,42.3421340000,-71.0841900000,100,'0.0399230000',0),(799,32,42.3423560000,-71.0842120000,100,'0.0431710000',0),(800,32,42.3429850000,-71.0837360000,100,'0.0461220000',0),(801,32,42.3435320000,-71.0831580000,100,'0.0515140000',0),(802,32,42.3439010000,-71.0825300000,100,'0.0522760000',0),(803,32,42.3444370000,-71.0830630000,100,'0.0574810000',0),(804,32,42.3452280000,-71.0828720000,100,'0.0631930000',0),(805,32,42.3459190000,-71.0823800000,100,'0.0664090000',0),(806,32,42.3459620000,-71.0821320000,100,'0.0717020000',0),(807,32,42.3458970000,-71.0814310000,100,'0.0769940000',0),(808,32,42.3463000000,-71.0807010000,100,'0.0838230000',0),(809,32,42.3468370000,-71.0805840000,100,'0.0897460000',0),(810,32,42.3472900000,-71.0799590000,100,'0.0971270000',0),(811,32,42.3476470000,-71.0800740000,100,'0.1057130000',0),(812,32,42.3483620000,-71.0804360000,100,'0.1158450000',0),(813,32,42.3486920000,-71.0805710000,100,'0.1276020000',0),(814,32,42.3491680000,-71.0810420000,100,'0.1424860000',0),(815,32,42.3489660000,-71.0819340000,100,'0.1614360000',0),(816,32,42.3453920000,-71.0901300000,100,'0.0030380000',0),(817,32,42.3453800000,-71.0901230000,100,'0.0027300000',0),(818,32,42.3454300000,-71.0901720000,100,'0.0032140000',0),(819,32,42.3455090000,-71.0896880000,100,'0.0030160000',0),(820,32,42.3455770000,-71.0896330000,100,'0.0032910000',0),(821,32,42.3452010000,-71.0899380000,100,'0.0031590000',0),(822,32,42.3452170000,-71.0900810000,100,'0.0028070000',0),(823,32,42.3451590000,-71.0900310000,100,'0.0028070000',0),(824,32,42.3454600000,-71.0902100000,100,'0.0032470000',0),(825,32,42.3452180000,-71.0899190000,100,'0.0021350000',0),(826,32,42.3451710000,-71.0898140000,100,'0.0074190000',0),(827,32,42.3452030000,-71.0898510000,100,'0.0164120000',0),(828,32,42.3452760000,-71.0901830000,100,'0.0175560000',0),(829,32,42.3452970000,-71.0901470000,100,'0.0185690000',0),(830,32,42.3453740000,-71.0900430000,100,'0.0164340000',0),(831,32,42.3451810000,-71.0901900000,100,'0.0178100000',0),(832,32,42.3446350000,-71.0901910000,100,'0.0193180000',0),(833,32,42.3440540000,-71.0898250000,100,'0.0196040000',0),(834,32,42.3440580000,-71.0886900000,100,'0.0201320000',0),(835,32,42.3439200000,-71.0876880000,100,'0.0200440000',0),(836,32,42.3439020000,-71.0869040000,100,'0.0207710000',0),(837,32,42.3437340000,-71.0860210000,100,'0.0224770000',0),(838,32,42.3433870000,-71.0851910000,100,'0.0225760000',0),(839,32,42.3428900000,-71.0850690000,100,'0.0240840000',0),(840,32,42.3428450000,-71.0847690000,100,'0.0265380000',0),(841,32,42.3427380000,-71.0853850000,100,'0.0292020000',0),(842,32,42.3421340000,-71.0841900000,100,'0.0314580000',0),(843,32,42.3423560000,-71.0842120000,100,'0.0357620000',0),(844,32,42.3429850000,-71.0837360000,100,'0.0375230000',0),(845,32,42.3435320000,-71.0831580000,100,'0.0415630000',0),(846,32,42.3439010000,-71.0825300000,100,'0.0442930000',0),(847,32,42.3444370000,-71.0830630000,100,'0.0486630000',0),(848,32,42.3452280000,-71.0828720000,100,'0.0522950000',0),(849,32,42.3459190000,-71.0823800000,100,'0.0561140000',0),(850,32,42.3459620000,-71.0821320000,100,'0.0616070000',0),(851,32,42.3458970000,-71.0814310000,100,'0.0675620000',0),(852,32,42.3463000000,-71.0807010000,100,'0.0737150000',0),(853,32,42.3468370000,-71.0805840000,100,'0.0807150000',0),(854,32,42.3472900000,-71.0799590000,100,'0.0880240000',0),(855,32,42.3476470000,-71.0800740000,100,'0.0967200000',0),(856,32,42.3483620000,-71.0804360000,100,'0.1073420000',0),(857,32,42.3486920000,-71.0805710000,100,'0.1185360000',0),(858,32,42.3491680000,-71.0810420000,100,'0.1338910000',0),(859,32,42.3489660000,-71.0819340000,100,'0.1519980000',0),(860,32,42.3453920000,-71.0901300000,100,'0.3894150000',0),(861,32,42.3453800000,-71.0901230000,100,'0.3853100000',0),(862,32,42.3454300000,-71.0901720000,100,'0.4059730000',0),(863,32,42.3455090000,-71.0896880000,100,'0.3645040000',0),(864,32,42.3455770000,-71.0896330000,100,'0.3822580000',0),(865,32,42.3452010000,-71.0899380000,100,'0.3552060000',0),(866,32,42.3452170000,-71.0900810000,100,'0.3626770000',0),(867,32,42.3451590000,-71.0900310000,100,'0.4259360000',0),(868,32,42.3454600000,-71.0902100000,100,'0.2652430000',0),(869,32,42.3452180000,-71.0899190000,100,'0.2548920000',0),(870,32,42.3451710000,-71.0898140000,100,'0.2685850000',0),(871,32,42.3452030000,-71.0898510000,100,'0.2384990000',0),(872,32,42.3452760000,-71.0901830000,100,'0.3141990000',0),(873,32,42.3452970000,-71.0901470000,100,'0.4030160000',0),(874,32,42.3453740000,-71.0900430000,100,'0.3637180000',0),(875,32,42.3451810000,-71.0901900000,100,'0.5172410000',0),(876,32,42.3446350000,-71.0901910000,100,'0.5390700000',0),(877,32,42.3440540000,-71.0898250000,100,'0.5714220000',0),(878,32,42.3440580000,-71.0886900000,100,'0.5451830000',0),(879,32,42.3439200000,-71.0876880000,100,'0.5238660000',0),(880,32,42.3439020000,-71.0869040000,100,'0.5404980000',0),(881,32,42.3437340000,-71.0860210000,100,'0.5070070000',0),(882,32,42.3433870000,-71.0851910000,100,'0.5579750000',0),(883,32,42.3428900000,-71.0850690000,100,'0.5031670000',0),(884,32,42.3428450000,-71.0847690000,100,'0.5466890000',0),(885,32,42.3427380000,-71.0853850000,100,'0.5137940000',0),(886,32,42.3421340000,-71.0841900000,100,'0.5437490000',0),(887,32,42.3423560000,-71.0842120000,100,'0.5810990000',0),(888,32,42.3429850000,-71.0837360000,100,'0.5965820000',0),(889,32,42.3435320000,-71.0831580000,100,'0.5886240000',0),(890,32,42.3439010000,-71.0825300000,100,'0.5148640000',0),(891,32,42.3444370000,-71.0830630000,100,'0.6481390000',0),(892,32,42.3452280000,-71.0828720000,100,'0.6135350000',0),(893,32,42.3459190000,-71.0823800000,100,'0.6241630000',0),(894,32,42.3459620000,-71.0821320000,100,'0.6060530000',0),(895,32,42.3458970000,-71.0814310000,100,'0.5002540000',0),(896,32,42.3463000000,-71.0807010000,100,'0.5083920000',0),(897,32,42.3468370000,-71.0805840000,100,'0.4954490000',0),(898,32,42.3472900000,-71.0799590000,100,'0.4786710000',0),(899,32,42.3476470000,-71.0800740000,100,'0.5602410000',0),(900,32,42.3483620000,-71.0804360000,100,'0.5478310000',0),(901,32,42.3486920000,-71.0805710000,100,'0.5055430000',0),(902,32,42.3491680000,-71.0810420000,100,'0.4739780000',0),(903,32,42.3489660000,-71.0819340000,100,'0.5547070000',0),(904,33,42.3453920000,-71.0901300000,50,'0.0148510000',0),(905,33,42.3453800000,-71.0901230000,50,'0.0145520000',0),(906,33,42.3454300000,-71.0901720000,50,'0.0146740000',0),(907,33,42.3455090000,-71.0896880000,50,'0.0147290000',0),(908,33,42.3455770000,-71.0896330000,50,'0.0148510000',0),(909,33,42.3452010000,-71.0899380000,50,'0.0148840000',0),(910,33,42.3452170000,-71.0900810000,50,'0.0147850000',0),(911,33,42.3451590000,-71.0900310000,50,'0.0148730000',0),(912,33,42.3454600000,-71.0902100000,50,'0.0094920000',0),(913,33,42.3452180000,-71.0899190000,50,'0.0171160000',0),(914,33,42.3451710000,-71.0898140000,50,'0.0199670000',0),(915,33,42.3452030000,-71.0898510000,50,'0.0252930000',0),(916,33,42.3452760000,-71.0901830000,50,'0.0288950000',0),(917,33,42.3452970000,-71.0901470000,50,'0.0283650000',0),(918,33,42.3453740000,-71.0900430000,50,'0.0288730000',0),(919,33,42.3451810000,-71.0901900000,50,'0.0296460000',0),(920,33,42.3446350000,-71.0901910000,50,'0.0297240000',0),(921,33,42.3440540000,-71.0898250000,50,'0.0281880000',0),(922,33,42.3440580000,-71.0886900000,50,'0.0296130000',0),(923,33,42.3439200000,-71.0876880000,50,'0.0305300000',0),(924,33,42.3439020000,-71.0869040000,50,'0.0329060000',0),(925,33,42.3437340000,-71.0860210000,50,'0.0323430000',0),(926,33,42.3433870000,-71.0851910000,50,'0.0329500000',0),(927,33,42.3428900000,-71.0850690000,50,'0.0360550000',0),(928,33,42.3428450000,-71.0847690000,50,'0.0363540000',0),(929,33,42.3427380000,-71.0853850000,50,'0.0387620000',0),(930,33,42.3421340000,-71.0841900000,50,'0.0399230000',0),(931,33,42.3423560000,-71.0842120000,50,'0.0431710000',0),(932,33,42.3429850000,-71.0837360000,50,'0.0461220000',0),(933,33,42.3435320000,-71.0831580000,50,'0.0515140000',0),(934,33,42.3439010000,-71.0825300000,50,'0.0522760000',0),(935,33,42.3444370000,-71.0830630000,50,'0.0574810000',0),(936,33,42.3452280000,-71.0828720000,50,'0.0631930000',0),(937,33,42.3459190000,-71.0823800000,50,'0.0664090000',0),(938,33,42.3459620000,-71.0821320000,50,'0.0717020000',0),(939,33,42.3458970000,-71.0814310000,50,'0.0769940000',0),(940,33,42.3463000000,-71.0807010000,50,'0.0838230000',0),(941,33,42.3468370000,-71.0805840000,50,'0.0897460000',0),(942,33,42.3472900000,-71.0799590000,50,'0.0971270000',0),(943,33,42.3476470000,-71.0800740000,50,'0.1057130000',0),(944,33,42.3483620000,-71.0804360000,50,'0.1158450000',0),(945,33,42.3486920000,-71.0805710000,50,'0.1276020000',0),(946,33,42.3491680000,-71.0810420000,50,'0.1424860000',0),(947,33,42.3489660000,-71.0819340000,50,'0.1614360000',0),(948,33,42.3453920000,-71.0901300000,75,'0.0148510000',0),(949,33,42.3453800000,-71.0901230000,75,'0.0145520000',0),(950,33,42.3454300000,-71.0901720000,75,'0.0146740000',0),(951,33,42.3455090000,-71.0896880000,75,'0.0147290000',0),(952,33,42.3455770000,-71.0896330000,75,'0.0148510000',0),(953,33,42.3452010000,-71.0899380000,75,'0.0148840000',0),(954,33,42.3452170000,-71.0900810000,75,'0.0147850000',0),(955,33,42.3451590000,-71.0900310000,75,'0.0148730000',0),(956,33,42.3454600000,-71.0902100000,75,'0.0094920000',0),(957,33,42.3452180000,-71.0899190000,75,'0.0171160000',0),(958,33,42.3451710000,-71.0898140000,75,'0.0199670000',0),(959,33,42.3452030000,-71.0898510000,75,'0.0252930000',0),(960,33,42.3452760000,-71.0901830000,75,'0.0288950000',0),(961,33,42.3452970000,-71.0901470000,75,'0.0283650000',0),(962,33,42.3453740000,-71.0900430000,75,'0.0288730000',0),(963,33,42.3451810000,-71.0901900000,75,'0.0296460000',0),(964,33,42.3446350000,-71.0901910000,75,'0.0297240000',0),(965,33,42.3440540000,-71.0898250000,75,'0.0281880000',0),(966,33,42.3440580000,-71.0886900000,75,'0.0296130000',0),(967,33,42.3439200000,-71.0876880000,75,'0.0305300000',0),(968,33,42.3439020000,-71.0869040000,75,'0.0329060000',0),(969,33,42.3437340000,-71.0860210000,75,'0.0323430000',0),(970,33,42.3433870000,-71.0851910000,75,'0.0329500000',0),(971,33,42.3428900000,-71.0850690000,75,'0.0360550000',0),(972,33,42.3428450000,-71.0847690000,75,'0.0363540000',0),(973,33,42.3427380000,-71.0853850000,75,'0.0387620000',0),(974,33,42.3421340000,-71.0841900000,75,'0.0399230000',0),(975,33,42.3423560000,-71.0842120000,75,'0.0431710000',0),(976,33,42.3429850000,-71.0837360000,75,'0.0461220000',0),(977,33,42.3435320000,-71.0831580000,75,'0.0515140000',0),(978,33,42.3439010000,-71.0825300000,75,'0.0522760000',0),(979,33,42.3444370000,-71.0830630000,75,'0.0574810000',0),(980,33,42.3452280000,-71.0828720000,75,'0.0631930000',0),(981,33,42.3459190000,-71.0823800000,75,'0.0664090000',0),(982,33,42.3459620000,-71.0821320000,75,'0.0717020000',0),(983,33,42.3458970000,-71.0814310000,75,'0.0769940000',0),(984,33,42.3463000000,-71.0807010000,75,'0.0838230000',0),(985,33,42.3468370000,-71.0805840000,75,'0.0897460000',0),(986,33,42.3472900000,-71.0799590000,75,'0.0971270000',0),(987,33,42.3476470000,-71.0800740000,75,'0.1057130000',0),(988,33,42.3483620000,-71.0804360000,75,'0.1158450000',0),(989,33,42.3486920000,-71.0805710000,75,'0.1276020000',0),(990,33,42.3491680000,-71.0810420000,75,'0.1424860000',0),(991,33,42.3489660000,-71.0819340000,75,'0.1614360000',0),(992,33,42.3453920000,-71.0901300000,75,'0.0030380000',0),(993,33,42.3453800000,-71.0901230000,75,'0.0027300000',0),(994,33,42.3454300000,-71.0901720000,75,'0.0032140000',0),(995,33,42.3455090000,-71.0896880000,75,'0.0030160000',0),(996,33,42.3455770000,-71.0896330000,75,'0.0032910000',0),(997,33,42.3452010000,-71.0899380000,75,'0.0031590000',0),(998,33,42.3452170000,-71.0900810000,75,'0.0028070000',0),(999,33,42.3451590000,-71.0900310000,75,'0.0028070000',0),(1000,33,42.3454600000,-71.0902100000,75,'0.0032470000',0),(1001,33,42.3452180000,-71.0899190000,75,'0.0021350000',0),(1002,33,42.3451710000,-71.0898140000,75,'0.0074190000',0),(1003,33,42.3452030000,-71.0898510000,75,'0.0164120000',0),(1004,33,42.3452760000,-71.0901830000,75,'0.0175560000',0),(1005,33,42.3452970000,-71.0901470000,75,'0.0185690000',0),(1006,33,42.3453740000,-71.0900430000,75,'0.0164340000',0),(1007,33,42.3451810000,-71.0901900000,75,'0.0178100000',0),(1008,33,42.3446350000,-71.0901910000,75,'0.0193180000',0),(1009,33,42.3440540000,-71.0898250000,75,'0.0196040000',0),(1010,33,42.3440580000,-71.0886900000,75,'0.0201320000',0),(1011,33,42.3439200000,-71.0876880000,75,'0.0200440000',0),(1012,33,42.3439020000,-71.0869040000,75,'0.0207710000',0),(1013,33,42.3437340000,-71.0860210000,75,'0.0224770000',0),(1014,33,42.3433870000,-71.0851910000,75,'0.0225760000',0),(1015,33,42.3428900000,-71.0850690000,75,'0.0240840000',0),(1016,33,42.3428450000,-71.0847690000,75,'0.0265380000',0),(1017,33,42.3427380000,-71.0853850000,75,'0.0292020000',0),(1018,33,42.3421340000,-71.0841900000,75,'0.0314580000',0),(1019,33,42.3423560000,-71.0842120000,75,'0.0357620000',0),(1020,33,42.3429850000,-71.0837360000,75,'0.0375230000',0),(1021,33,42.3435320000,-71.0831580000,75,'0.0415630000',0),(1022,33,42.3439010000,-71.0825300000,75,'0.0442930000',0),(1023,33,42.3444370000,-71.0830630000,75,'0.0486630000',0),(1024,33,42.3452280000,-71.0828720000,75,'0.0522950000',0),(1025,33,42.3459190000,-71.0823800000,75,'0.0561140000',0),(1026,33,42.3459620000,-71.0821320000,75,'0.0616070000',0),(1027,33,42.3458970000,-71.0814310000,75,'0.0675620000',0),(1028,33,42.3463000000,-71.0807010000,75,'0.0737150000',0),(1029,33,42.3468370000,-71.0805840000,75,'0.0807150000',0),(1030,33,42.3472900000,-71.0799590000,75,'0.0880240000',0),(1031,33,42.3476470000,-71.0800740000,75,'0.0967200000',0),(1032,33,42.3483620000,-71.0804360000,75,'0.1073420000',0),(1033,33,42.3486920000,-71.0805710000,75,'0.1185360000',0),(1034,33,42.3491680000,-71.0810420000,75,'0.1338910000',0),(1035,33,42.3489660000,-71.0819340000,75,'0.1519980000',0),(1036,33,42.3453920000,-71.0901300000,75,'0.3894150000',0),(1037,33,42.3453800000,-71.0901230000,75,'0.3853100000',0),(1038,33,42.3454300000,-71.0901720000,75,'0.4059730000',0),(1039,33,42.3455090000,-71.0896880000,75,'0.3645040000',0),(1040,33,42.3455770000,-71.0896330000,75,'0.3822580000',0),(1041,33,42.3452010000,-71.0899380000,75,'0.3552060000',0),(1042,33,42.3452170000,-71.0900810000,75,'0.3626770000',0),(1043,33,42.3451590000,-71.0900310000,75,'0.4259360000',0),(1044,33,42.3454600000,-71.0902100000,75,'0.2652430000',0),(1045,33,42.3452180000,-71.0899190000,75,'0.2548920000',0),(1046,33,42.3451710000,-71.0898140000,75,'0.2685850000',0),(1047,33,42.3452030000,-71.0898510000,75,'0.2384990000',0),(1048,33,42.3452760000,-71.0901830000,75,'0.3141990000',0),(1049,33,42.3452970000,-71.0901470000,75,'0.4030160000',0),(1050,33,42.3453740000,-71.0900430000,75,'0.3637180000',0),(1051,33,42.3451810000,-71.0901900000,75,'0.5172410000',0),(1052,33,42.3446350000,-71.0901910000,75,'0.5390700000',0),(1053,33,42.3440540000,-71.0898250000,75,'0.5714220000',0),(1054,33,42.3440580000,-71.0886900000,75,'0.5451830000',0),(1055,33,42.3439200000,-71.0876880000,75,'0.5238660000',0),(1056,33,42.3439020000,-71.0869040000,75,'0.5404980000',0),(1057,33,42.3437340000,-71.0860210000,75,'0.5070070000',0),(1058,33,42.3433870000,-71.0851910000,75,'0.5579750000',0),(1059,33,42.3428900000,-71.0850690000,75,'0.5031670000',0),(1060,33,42.3428450000,-71.0847690000,75,'0.5466890000',0),(1061,33,42.3427380000,-71.0853850000,75,'0.5137940000',0),(1062,33,42.3421340000,-71.0841900000,75,'0.5437490000',0),(1063,33,42.3423560000,-71.0842120000,75,'0.5810990000',0),(1064,33,42.3429850000,-71.0837360000,75,'0.5965820000',0),(1065,33,42.3435320000,-71.0831580000,75,'0.5886240000',0),(1066,33,42.3439010000,-71.0825300000,75,'0.5148640000',0),(1067,33,42.3444370000,-71.0830630000,75,'0.6481390000',0),(1068,33,42.3452280000,-71.0828720000,75,'0.6135350000',0),(1069,33,42.3459190000,-71.0823800000,75,'0.6241630000',0),(1070,33,42.3459620000,-71.0821320000,75,'0.6060530000',0),(1071,33,42.3458970000,-71.0814310000,75,'0.5002540000',0),(1072,33,42.3463000000,-71.0807010000,75,'0.5083920000',0),(1073,33,42.3468370000,-71.0805840000,75,'0.4954490000',0),(1074,33,42.3472900000,-71.0799590000,75,'0.4786710000',0),(1075,33,42.3476470000,-71.0800740000,75,'0.5602410000',0),(1076,33,42.3483620000,-71.0804360000,75,'0.5478310000',0),(1077,33,42.3486920000,-71.0805710000,75,'0.5055430000',0),(1078,33,42.3491680000,-71.0810420000,75,'0.4739780000',0),(1079,33,42.3489660000,-71.0819340000,75,'0.5547070000',0),(1080,33,42.3453920000,-71.0901300000,75,'0.0185230000',0),(1081,33,42.3453800000,-71.0901230000,75,'0.0166440000',0),(1082,33,42.3454300000,-71.0901720000,75,'0.0195970000',0),(1083,33,42.3455090000,-71.0896880000,75,'0.0183890000',0),(1084,33,42.3455770000,-71.0896330000,75,'0.0200670000',0),(1085,33,42.3452010000,-71.0899380000,75,'0.0192620000',0),(1086,33,42.3452170000,-71.0900810000,75,'0.0171140000',0),(1087,33,42.3451590000,-71.0900310000,75,'0.0171140000',0),(1088,33,42.3454600000,-71.0902100000,75,'0.0197990000',0),(1089,33,42.3452180000,-71.0899190000,75,'0.0130200000',0),(1090,33,42.3451710000,-71.0898140000,75,'0.0452350000',0),(1091,33,42.3452030000,-71.0898510000,75,'0.1000670000',0),(1092,33,42.3452760000,-71.0901830000,75,'0.1070470000',0),(1093,33,42.3452970000,-71.0901470000,75,'0.1132210000',0),(1094,33,42.3453740000,-71.0900430000,75,'0.1002010000',0),(1095,33,42.3451810000,-71.0901900000,75,'0.1085910000',0),(1096,33,42.3446350000,-71.0901910000,75,'0.1177850000',0),(1097,33,42.3440540000,-71.0898250000,75,'0.1195300000',0),(1098,33,42.3440580000,-71.0886900000,75,'0.1227520000',0),(1099,33,42.3439200000,-71.0876880000,75,'0.1222150000',0),(1100,33,42.3439020000,-71.0869040000,75,'0.1266440000',0),(1101,33,42.3437340000,-71.0860210000,75,'0.1370470000',0),(1102,33,42.3433870000,-71.0851910000,75,'0.1376510000',0),(1103,33,42.3428900000,-71.0850690000,75,'0.1468460000',0),(1104,33,42.3428450000,-71.0847690000,75,'0.1618120000',0),(1105,33,42.3427380000,-71.0853850000,75,'0.1780540000',0),(1106,33,42.3421340000,-71.0841900000,75,'0.1918120000',0),(1107,33,42.3423560000,-71.0842120000,75,'0.2180540000',0),(1108,33,42.3429850000,-71.0837360000,75,'0.2287920000',0),(1109,33,42.3435320000,-71.0831580000,75,'0.2534230000',0),(1110,33,42.3439010000,-71.0825300000,75,'0.2700670000',0),(1111,33,42.3444370000,-71.0830630000,75,'0.2967110000',0),(1112,33,42.3452280000,-71.0828720000,75,'0.3188590000',0),(1113,33,42.3459190000,-71.0823800000,75,'0.3421480000',0),(1114,33,42.3459620000,-71.0821320000,75,'0.3756380000',0),(1115,33,42.3458970000,-71.0814310000,75,'0.4119460000',0),(1116,33,42.3463000000,-71.0807010000,75,'0.4494630000',0),(1117,33,42.3468370000,-71.0805840000,75,'0.4921480000',0),(1118,33,42.3472900000,-71.0799590000,75,'0.5367110000',0),(1119,33,42.3476470000,-71.0800740000,75,'0.5897320000',0),(1120,33,42.3483620000,-71.0804360000,75,'0.6544970000',0),(1121,33,42.3486920000,-71.0805710000,75,'0.7227520000',0),(1122,33,42.3491680000,-71.0810420000,75,'0.8163760000',0),(1123,33,42.3489660000,-71.0819340000,75,'0.9267790000',0),(1124,34,42.3453920000,-71.0901300000,150,'0.0185230000',0),(1125,34,42.3453800000,-71.0901230000,150,'0.0166440000',0),(1126,34,42.3454300000,-71.0901720000,150,'0.0195970000',0),(1127,34,42.3455090000,-71.0896880000,150,'0.0183890000',0),(1128,34,42.3455770000,-71.0896330000,150,'0.0200670000',0),(1129,34,42.3452010000,-71.0899380000,150,'0.0192620000',0),(1130,34,42.3452170000,-71.0900810000,150,'0.0171140000',0),(1131,34,42.3451590000,-71.0900310000,150,'0.0171140000',0),(1132,34,42.3454600000,-71.0902100000,150,'0.0197990000',0),(1133,34,42.3452180000,-71.0899190000,150,'0.0130200000',0),(1134,34,42.3451710000,-71.0898140000,150,'0.0452350000',0),(1135,34,42.3452030000,-71.0898510000,150,'0.1000670000',0),(1136,34,42.3452760000,-71.0901830000,150,'0.1070470000',0),(1137,34,42.3452970000,-71.0901470000,150,'0.1132210000',0),(1138,34,42.3453740000,-71.0900430000,150,'0.1002010000',0),(1139,34,42.3451810000,-71.0901900000,150,'0.1085910000',0),(1140,34,42.3446350000,-71.0901910000,150,'0.1177850000',0),(1141,34,42.3440540000,-71.0898250000,150,'0.1195300000',0),(1142,34,42.3440580000,-71.0886900000,150,'0.1227520000',0),(1143,34,42.3439200000,-71.0876880000,150,'0.1222150000',0),(1144,34,42.3439020000,-71.0869040000,150,'0.1266440000',0),(1145,34,42.3437340000,-71.0860210000,150,'0.1370470000',0),(1146,34,42.3433870000,-71.0851910000,150,'0.1376510000',0),(1147,34,42.3428900000,-71.0850690000,150,'0.1468460000',0),(1148,34,42.3428450000,-71.0847690000,150,'0.1618120000',0),(1149,34,42.3427380000,-71.0853850000,150,'0.1780540000',0),(1150,34,42.3421340000,-71.0841900000,150,'0.1918120000',0),(1151,34,42.3423560000,-71.0842120000,150,'0.2180540000',0),(1152,34,42.3429850000,-71.0837360000,150,'0.2287920000',0),(1153,34,42.3435320000,-71.0831580000,150,'0.2534230000',0),(1154,34,42.3439010000,-71.0825300000,150,'0.2700670000',0),(1155,34,42.3444370000,-71.0830630000,150,'0.2967110000',0),(1156,34,42.3452280000,-71.0828720000,150,'0.3188590000',0),(1157,34,42.3459190000,-71.0823800000,150,'0.3421480000',0),(1158,34,42.3459620000,-71.0821320000,150,'0.3756380000',0),(1159,34,42.3458970000,-71.0814310000,150,'0.4119460000',0),(1160,34,42.3463000000,-71.0807010000,150,'0.4494630000',0),(1161,34,42.3468370000,-71.0805840000,150,'0.4921480000',0),(1162,34,42.3472900000,-71.0799590000,150,'0.5367110000',0),(1163,34,42.3476470000,-71.0800740000,150,'0.5897320000',0),(1164,34,42.3483620000,-71.0804360000,150,'0.6544970000',0),(1165,34,42.3486920000,-71.0805710000,150,'0.7227520000',0),(1166,34,42.3491680000,-71.0810420000,150,'0.8163760000',0),(1167,34,42.3489660000,-71.0819340000,150,'0.9267790000',0),(1168,34,42.3454300000,-71.0901720000,150,'0.0195970000',0),(1169,34,42.3455090000,-71.0896880000,150,'0.0183890000',0),(1170,34,42.3455770000,-71.0896330000,150,'0.0200670000',0),(1171,34,42.3452010000,-71.0899380000,150,'0.0192620000',0),(1172,34,42.3452170000,-71.0900810000,150,'0.0171140000',0),(1173,34,42.3451590000,-71.0900310000,150,'0.0171140000',0),(1174,34,42.3454600000,-71.0902100000,150,'0.0197990000',0),(1175,34,42.3452180000,-71.0899190000,150,'0.0130200000',0),(1176,34,42.3451710000,-71.0898140000,150,'0.0452350000',0),(1177,34,42.3452030000,-71.0898510000,150,'0.1000670000',0),(1178,34,42.3452760000,-71.0901830000,150,'0.1070470000',0),(1179,34,42.3452970000,-71.0901470000,150,'0.1132210000',0),(1180,34,42.3453740000,-71.0900430000,150,'0.1002010000',0),(1181,34,42.3451810000,-71.0901900000,150,'0.1085910000',0),(1182,34,42.3446350000,-71.0901910000,150,'0.1177850000',0),(1183,34,42.3440540000,-71.0898250000,150,'0.1195300000',0),(1184,34,42.3440580000,-71.0886900000,150,'0.1227520000',0),(1185,34,42.3439200000,-71.0876880000,150,'0.1222150000',0),(1186,34,42.3439020000,-71.0869040000,150,'0.1266440000',0),(1187,34,42.3437340000,-71.0860210000,150,'0.1370470000',0),(1188,34,42.3433870000,-71.0851910000,150,'0.1376510000',0),(1189,34,42.3428900000,-71.0850690000,150,'0.1468460000',0),(1190,34,42.3428450000,-71.0847690000,150,'0.1618120000',0),(1191,34,42.3427380000,-71.0853850000,150,'0.1780540000',0),(1192,34,42.3421340000,-71.0841900000,150,'0.1918120000',0),(1193,34,42.3423560000,-71.0842120000,150,'0.2180540000',0),(1194,34,42.3429850000,-71.0837360000,150,'0.2287920000',0),(1195,34,42.3435320000,-71.0831580000,150,'0.2534230000',0),(1196,34,42.3439010000,-71.0825300000,150,'0.2700670000',0),(1197,34,42.3444370000,-71.0830630000,150,'0.2967110000',0),(1198,34,42.3452280000,-71.0828720000,150,'0.3188590000',0),(1199,34,42.3459190000,-71.0823800000,150,'0.3421480000',0),(1200,34,42.3459620000,-71.0821320000,150,'0.3756380000',0),(1201,34,42.3458970000,-71.0814310000,150,'0.4119460000',0),(1202,34,42.3463000000,-71.0807010000,150,'0.4494630000',0),(1203,34,42.3468370000,-71.0805840000,150,'0.4921480000',0),(1204,34,42.3472900000,-71.0799590000,150,'0.5367110000',0),(1205,34,42.3476470000,-71.0800740000,150,'0.5897320000',0),(1206,34,42.3483620000,-71.0804360000,150,'0.6544970000',0),(1207,34,42.3486920000,-71.0805710000,150,'0.7227520000',0),(1208,34,42.3491680000,-71.0810420000,150,'0.8163760000',0),(1209,34,42.3489660000,-71.0819340000,150,'0.9267790000',0),(1210,34,42.3454300000,-71.0901720000,125,'0.0195970000',0),(1211,34,42.3455090000,-71.0896880000,125,'0.0183890000',0),(1212,34,42.3455770000,-71.0896330000,125,'0.0200670000',0),(1213,34,42.3452010000,-71.0899380000,125,'0.0192620000',0),(1214,34,42.3452170000,-71.0900810000,125,'0.0171140000',0),(1215,34,42.3451590000,-71.0900310000,125,'0.0171140000',0),(1216,34,42.3454600000,-71.0902100000,125,'0.0197990000',0),(1217,34,42.3452180000,-71.0899190000,125,'0.0130200000',0),(1218,34,42.3451710000,-71.0898140000,125,'0.0452350000',0),(1219,34,42.3452030000,-71.0898510000,125,'0.1000670000',0),(1220,34,42.3452760000,-71.0901830000,125,'0.1070470000',0),(1221,34,42.3452970000,-71.0901470000,125,'0.1132210000',0),(1222,34,42.3453740000,-71.0900430000,125,'0.1002010000',0),(1223,34,42.3451810000,-71.0901900000,125,'0.1085910000',0),(1224,34,42.3446350000,-71.0901910000,125,'0.1177850000',0),(1225,34,42.3440540000,-71.0898250000,125,'0.1195300000',0),(1226,34,42.3440580000,-71.0886900000,125,'0.1227520000',0),(1227,34,42.3439200000,-71.0876880000,125,'0.1222150000',0),(1228,34,42.3439020000,-71.0869040000,125,'0.1266440000',0),(1229,34,42.3437340000,-71.0860210000,125,'0.1370470000',0),(1230,34,42.3433870000,-71.0851910000,125,'0.1376510000',0),(1231,34,42.3428900000,-71.0850690000,125,'0.1468460000',0),(1232,34,42.3428450000,-71.0847690000,125,'0.1618120000',0),(1233,34,42.3427380000,-71.0853850000,125,'0.1780540000',0),(1234,34,42.3421340000,-71.0841900000,125,'0.1918120000',0),(1235,34,42.3423560000,-71.0842120000,125,'0.2180540000',0),(1236,34,42.3429850000,-71.0837360000,125,'0.2287920000',0),(1237,34,42.3435320000,-71.0831580000,125,'0.2534230000',0),(1238,34,42.3439010000,-71.0825300000,125,'0.2700670000',0),(1239,34,42.3444370000,-71.0830630000,125,'0.2967110000',0),(1240,34,42.3452280000,-71.0828720000,125,'0.3188590000',0),(1241,34,42.3459190000,-71.0823800000,125,'0.3421480000',0),(1242,34,42.3459620000,-71.0821320000,125,'0.3756380000',0),(1243,34,42.3458970000,-71.0814310000,125,'0.4119460000',0),(1244,34,42.3463000000,-71.0807010000,125,'0.4494630000',0),(1245,34,42.3468370000,-71.0805840000,125,'0.4921480000',0),(1246,34,42.3472900000,-71.0799590000,125,'0.5367110000',0),(1247,34,42.3476470000,-71.0800740000,125,'0.5897320000',0),(1248,34,42.3483620000,-71.0804360000,125,'0.6544970000',0),(1249,34,42.3486920000,-71.0805710000,125,'0.7227520000',0),(1250,34,42.3491680000,-71.0810420000,125,'0.8163760000',0),(1251,34,42.3489660000,-71.0819340000,125,'0.9267790000',0),(1252,34,42.3454300000,-71.0901720000,125,'0.0195970000',0),(1253,34,42.3455090000,-71.0896880000,125,'0.0183890000',0),(1254,34,42.3455770000,-71.0896330000,125,'0.0200670000',0),(1255,34,42.3452010000,-71.0899380000,125,'0.0192620000',0),(1256,34,42.3452170000,-71.0900810000,125,'0.0171140000',0),(1257,34,42.3451590000,-71.0900310000,125,'0.0171140000',0),(1258,34,42.3454600000,-71.0902100000,125,'0.0197990000',0),(1259,34,42.3452180000,-71.0899190000,125,'0.0130200000',0),(1260,34,42.3451710000,-71.0898140000,125,'0.0452350000',0),(1261,34,42.3452030000,-71.0898510000,125,'0.1000670000',0),(1262,34,42.3452760000,-71.0901830000,125,'0.1070470000',0),(1263,34,42.3452970000,-71.0901470000,125,'0.1132210000',0),(1264,34,42.3453740000,-71.0900430000,125,'0.1002010000',0),(1265,34,42.3451810000,-71.0901900000,125,'0.1085910000',0),(1266,34,42.3446350000,-71.0901910000,125,'0.1177850000',0),(1267,34,42.3440540000,-71.0898250000,125,'0.1195300000',0),(1268,34,42.3440580000,-71.0886900000,125,'0.1227520000',0),(1269,34,42.3439200000,-71.0876880000,125,'0.1222150000',0),(1270,34,42.3439020000,-71.0869040000,125,'0.1266440000',0),(1271,34,42.3437340000,-71.0860210000,125,'0.1370470000',0),(1272,34,42.3433870000,-71.0851910000,125,'0.1376510000',0),(1273,34,42.3428900000,-71.0850690000,125,'0.1468460000',0),(1274,34,42.3428450000,-71.0847690000,125,'0.1618120000',0),(1275,34,42.3427380000,-71.0853850000,125,'0.1780540000',0),(1276,34,42.3421340000,-71.0841900000,125,'0.1918120000',0),(1277,34,42.3423560000,-71.0842120000,125,'0.2180540000',0),(1278,34,42.3429850000,-71.0837360000,125,'0.2287920000',0),(1279,34,42.3435320000,-71.0831580000,125,'0.2534230000',0),(1280,34,42.3439010000,-71.0825300000,125,'0.2700670000',0),(1281,34,42.3444370000,-71.0830630000,125,'0.2967110000',0),(1282,34,42.3452280000,-71.0828720000,125,'0.3188590000',0),(1283,34,42.3459190000,-71.0823800000,125,'0.3421480000',0),(1284,34,42.3459620000,-71.0821320000,125,'0.3756380000',0),(1285,34,42.3458970000,-71.0814310000,125,'0.4119460000',0),(1286,34,42.3463000000,-71.0807010000,125,'0.4494630000',0),(1287,34,42.3468370000,-71.0805840000,125,'0.4921480000',0),(1288,34,42.3472900000,-71.0799590000,125,'0.5367110000',0),(1289,34,42.3476470000,-71.0800740000,125,'0.5897320000',0),(1290,34,42.3483620000,-71.0804360000,125,'0.6544970000',0),(1291,34,42.3486920000,-71.0805710000,125,'0.7227520000',0),(1292,34,42.3491680000,-71.0810420000,125,'0.8163760000',0),(1293,34,42.3489660000,-71.0819340000,125,'0.9267790000',0),(1294,34,42.3455770000,-71.0896330000,125,'0.0200670000',0),(1295,34,42.3452010000,-71.0899380000,125,'0.0192620000',0),(1296,34,42.3452170000,-71.0900810000,125,'0.0171140000',0),(1297,34,42.3451590000,-71.0900310000,125,'0.0171140000',0),(1298,34,42.3454600000,-71.0902100000,125,'0.0197990000',0),(1299,34,42.3452180000,-71.0899190000,125,'0.0130200000',0),(1300,34,42.3451710000,-71.0898140000,125,'0.0452350000',0),(1301,34,42.3452030000,-71.0898510000,125,'0.1000670000',0),(1302,34,42.3452760000,-71.0901830000,125,'0.1070470000',0),(1303,34,42.3452970000,-71.0901470000,125,'0.1132210000',0),(1304,34,42.3453740000,-71.0900430000,125,'0.1002010000',0),(1305,34,42.3451810000,-71.0901900000,125,'0.1085910000',0),(1306,34,42.3446350000,-71.0901910000,125,'0.1177850000',0),(1307,34,42.3440540000,-71.0898250000,125,'0.1195300000',0),(1308,34,42.3440580000,-71.0886900000,125,'0.1227520000',0),(1309,34,42.3439200000,-71.0876880000,125,'0.1222150000',0),(1310,34,42.3439020000,-71.0869040000,125,'0.1266440000',0),(1311,34,42.3437340000,-71.0860210000,125,'0.1370470000',0),(1312,34,42.3433870000,-71.0851910000,125,'0.1376510000',0),(1313,34,42.3428900000,-71.0850690000,125,'0.1468460000',0),(1314,34,42.3428450000,-71.0847690000,125,'0.1618120000',0),(1315,34,42.3427380000,-71.0853850000,125,'0.1780540000',0),(1316,34,42.3421340000,-71.0841900000,125,'0.1918120000',0),(1317,34,42.3423560000,-71.0842120000,125,'0.2180540000',0),(1318,34,42.3429850000,-71.0837360000,125,'0.2287920000',0),(1319,34,42.3435320000,-71.0831580000,125,'0.2534230000',0),(1320,34,42.3439010000,-71.0825300000,125,'0.2700670000',0),(1321,34,42.3444370000,-71.0830630000,125,'0.2967110000',0),(1322,34,42.3452280000,-71.0828720000,125,'0.3188590000',0),(1323,34,42.3459190000,-71.0823800000,125,'0.3421480000',0),(1324,34,42.3459620000,-71.0821320000,125,'0.3756380000',0),(1325,34,42.3458970000,-71.0814310000,125,'0.4119460000',0),(1326,34,42.3463000000,-71.0807010000,125,'0.4494630000',0),(1327,34,42.3468370000,-71.0805840000,125,'0.4921480000',0),(1328,34,42.3472900000,-71.0799590000,125,'0.5367110000',0),(1329,34,42.3476470000,-71.0800740000,125,'0.5897320000',0),(1330,34,42.3483620000,-71.0804360000,125,'0.6544970000',0),(1331,34,42.3486920000,-71.0805710000,125,'0.7227520000',0),(1332,34,42.3491680000,-71.0810420000,125,'0.8163760000',0),(1333,34,42.3489660000,-71.0819340000,125,'0.9267790000',0),(1334,34,42.3455770000,-71.0896330000,125,'0.0200670000',0),(1335,34,42.3452010000,-71.0899380000,125,'0.0192620000',0),(1336,34,42.3452170000,-71.0900810000,125,'0.0171140000',0),(1337,34,42.3451590000,-71.0900310000,125,'0.0171140000',0),(1338,34,42.3454600000,-71.0902100000,125,'0.0197990000',0),(1339,34,42.3452180000,-71.0899190000,125,'0.0130200000',0),(1340,34,42.3451710000,-71.0898140000,125,'0.0452350000',0),(1341,34,42.3452030000,-71.0898510000,125,'0.1000670000',0),(1342,34,42.3452760000,-71.0901830000,125,'0.1070470000',0),(1343,34,42.3452970000,-71.0901470000,125,'0.1132210000',0),(1344,34,42.3453740000,-71.0900430000,125,'0.1002010000',0),(1345,34,42.3451810000,-71.0901900000,125,'0.1085910000',0),(1346,34,42.3446350000,-71.0901910000,125,'0.1177850000',0),(1347,34,42.3440540000,-71.0898250000,125,'0.1195300000',0),(1348,34,42.3440580000,-71.0886900000,125,'0.1227520000',0),(1349,34,42.3439200000,-71.0876880000,125,'0.1222150000',0),(1350,34,42.3439020000,-71.0869040000,125,'0.1266440000',0),(1351,34,42.3437340000,-71.0860210000,125,'0.1370470000',0),(1352,34,42.3433870000,-71.0851910000,125,'0.1376510000',0),(1353,34,42.3428900000,-71.0850690000,125,'0.1468460000',0),(1354,34,42.3428450000,-71.0847690000,125,'0.1618120000',0),(1355,34,42.3427380000,-71.0853850000,125,'0.1780540000',0),(1356,34,42.3421340000,-71.0841900000,125,'0.1918120000',0),(1357,34,42.3423560000,-71.0842120000,125,'0.2180540000',0),(1358,34,42.3429850000,-71.0837360000,125,'0.2287920000',0),(1359,34,42.3435320000,-71.0831580000,125,'0.2534230000',0),(1360,34,42.3439010000,-71.0825300000,125,'0.2700670000',0),(1361,34,42.3444370000,-71.0830630000,125,'0.2967110000',0),(1362,34,42.3452280000,-71.0828720000,125,'0.3188590000',0),(1363,34,42.3459190000,-71.0823800000,125,'0.3421480000',0),(1364,34,42.3459620000,-71.0821320000,125,'0.3756380000',0),(1365,34,42.3458970000,-71.0814310000,125,'0.4119460000',0),(1366,34,42.3463000000,-71.0807010000,125,'0.4494630000',0),(1367,34,42.3468370000,-71.0805840000,125,'0.4921480000',0),(1368,34,42.3472900000,-71.0799590000,125,'0.5367110000',0),(1369,34,42.3476470000,-71.0800740000,125,'0.5897320000',0),(1370,34,42.3483620000,-71.0804360000,125,'0.6544970000',0),(1371,34,42.3486920000,-71.0805710000,125,'0.7227520000',0),(1372,34,42.3491680000,-71.0810420000,125,'0.8163760000',0),(1373,34,42.3489660000,-71.0819340000,125,'0.9267790000',0),(1374,34,42.3455770000,-71.0896330000,125,'0.0200670000',0),(1375,34,42.3452010000,-71.0899380000,125,'0.0192620000',0),(1376,34,42.3452170000,-71.0900810000,125,'0.0171140000',0),(1377,34,42.3451590000,-71.0900310000,125,'0.0171140000',0),(1378,34,42.3454600000,-71.0902100000,125,'0.0197990000',0),(1379,34,42.3452180000,-71.0899190000,125,'0.0130200000',0),(1380,34,42.3451710000,-71.0898140000,125,'0.0452350000',0),(1381,34,42.3452030000,-71.0898510000,125,'0.1000670000',0),(1382,34,42.3452760000,-71.0901830000,125,'0.1070470000',0),(1383,34,42.3452970000,-71.0901470000,125,'0.1132210000',0),(1384,34,42.3453740000,-71.0900430000,125,'0.1002010000',0),(1385,34,42.3451810000,-71.0901900000,125,'0.1085910000',0),(1386,34,42.3446350000,-71.0901910000,125,'0.1177850000',0),(1387,34,42.3440540000,-71.0898250000,125,'0.1195300000',0),(1388,34,42.3440580000,-71.0886900000,125,'0.1227520000',0),(1389,34,42.3439200000,-71.0876880000,125,'0.1222150000',0),(1390,34,42.3439020000,-71.0869040000,125,'0.1266440000',0),(1391,34,42.3437340000,-71.0860210000,125,'0.1370470000',0),(1392,34,42.3433870000,-71.0851910000,125,'0.1376510000',0),(1393,34,42.3428900000,-71.0850690000,125,'0.1468460000',0),(1394,34,42.3428450000,-71.0847690000,125,'0.1618120000',0),(1395,34,42.3427380000,-71.0853850000,125,'0.1780540000',0),(1396,34,42.3421340000,-71.0841900000,125,'0.1918120000',0),(1397,34,42.3423560000,-71.0842120000,125,'0.2180540000',0),(1398,34,42.3429850000,-71.0837360000,125,'0.2287920000',0),(1399,34,42.3435320000,-71.0831580000,125,'0.2534230000',0),(1400,34,42.3439010000,-71.0825300000,125,'0.2700670000',0),(1401,34,42.3444370000,-71.0830630000,125,'0.2967110000',0),(1402,34,42.3452280000,-71.0828720000,125,'0.3188590000',0),(1403,34,42.3459190000,-71.0823800000,125,'0.3421480000',0),(1404,34,42.3459620000,-71.0821320000,125,'0.3756380000',0),(1405,34,42.3458970000,-71.0814310000,125,'0.4119460000',0),(1406,34,42.3463000000,-71.0807010000,125,'0.4494630000',0),(1407,34,42.3468370000,-71.0805840000,125,'0.4921480000',0),(1408,34,42.3472900000,-71.0799590000,125,'0.5367110000',0),(1409,34,42.3476470000,-71.0800740000,125,'0.5897320000',0),(1410,34,42.3483620000,-71.0804360000,125,'0.6544970000',0),(1411,34,42.3486920000,-71.0805710000,125,'0.7227520000',0),(1412,34,42.3491680000,-71.0810420000,125,'0.8163760000',0),(1413,34,42.3489660000,-71.0819340000,125,'0.9267790000',0),(1414,34,42.3455770000,-71.0896330000,125,'0.0858790000',0),(1415,34,42.3452010000,-71.0899380000,125,'0.0860700000',0),(1416,34,42.3452170000,-71.0900810000,125,'0.0854950000',0),(1417,34,42.3451590000,-71.0900310000,125,'0.0860060000',0),(1418,34,42.3454600000,-71.0902100000,125,'0.0548880000',0),(1419,34,42.3452180000,-71.0899190000,125,'0.0989780000',0),(1420,34,42.3451710000,-71.0898140000,125,'0.1154630000',0),(1421,34,42.3452030000,-71.0898510000,125,'0.1462620000',0),(1422,34,42.3452760000,-71.0901830000,125,'0.1670930000',0),(1423,34,42.3452970000,-71.0901470000,125,'0.1640260000',0),(1424,34,42.3453740000,-71.0900430000,125,'0.1669650000',0),(1425,34,42.3451810000,-71.0901900000,125,'0.1714380000',0),(1426,34,42.3446350000,-71.0901910000,125,'0.1718850000',0),(1427,34,42.3440540000,-71.0898250000,125,'0.1630030000',0),(1428,34,42.3440580000,-71.0886900000,125,'0.1712460000',0),(1429,34,42.3439200000,-71.0876880000,125,'0.1765500000',0),(1430,34,42.3439020000,-71.0869040000,125,'0.1902880000',0),(1431,34,42.3437340000,-71.0860210000,125,'0.1870290000',0),(1432,34,42.3433870000,-71.0851910000,125,'0.1905430000',0),(1433,34,42.3428900000,-71.0850690000,125,'0.2084980000',0),(1434,34,42.3428450000,-71.0847690000,125,'0.2102240000',0),(1435,34,42.3427380000,-71.0853850000,125,'0.2241530000',0),(1436,34,42.3421340000,-71.0841900000,125,'0.2308630000',0),(1437,34,42.3423560000,-71.0842120000,125,'0.2496490000',0),(1438,34,42.3429850000,-71.0837360000,125,'0.2667090000',0),(1439,34,42.3435320000,-71.0831580000,125,'0.2978910000',0),(1440,34,42.3439010000,-71.0825300000,125,'0.3023000000',0),(1441,34,42.3444370000,-71.0830630000,125,'0.3323960000',0),(1442,34,42.3452280000,-71.0828720000,125,'0.3654310000',0),(1443,34,42.3459190000,-71.0823800000,125,'0.3840260000',0),(1444,34,42.3459620000,-71.0821320000,125,'0.4146330000',0),(1445,34,42.3458970000,-71.0814310000,125,'0.4452400000',0),(1446,34,42.3463000000,-71.0807010000,125,'0.4847280000',0),(1447,34,42.3468370000,-71.0805840000,125,'0.5189780000',0),(1448,34,42.3472900000,-71.0799590000,125,'0.5616610000',0),(1449,34,42.3476470000,-71.0800740000,125,'0.6113100000',0),(1450,34,42.3483620000,-71.0804360000,125,'0.6699040000',0),(1451,34,42.3486920000,-71.0805710000,125,'0.7378910000',0),(1452,34,42.3491680000,-71.0810420000,125,'0.8239620000',0),(1453,34,42.3489660000,-71.0819340000,125,'0.9335460000',0),(1454,34,42.3452170000,-71.0900810000,125,'0.0171140000',0),(1455,34,42.3451590000,-71.0900310000,125,'0.0171140000',0),(1456,34,42.3454600000,-71.0902100000,125,'0.0197990000',0),(1457,34,42.3452180000,-71.0899190000,125,'0.0130200000',0),(1458,34,42.3451710000,-71.0898140000,125,'0.0452350000',0),(1459,34,42.3452030000,-71.0898510000,125,'0.1000670000',0),(1460,34,42.3452760000,-71.0901830000,125,'0.1070470000',0),(1461,34,42.3452970000,-71.0901470000,125,'0.1132210000',0),(1462,34,42.3453740000,-71.0900430000,125,'0.1002010000',0),(1463,34,42.3451810000,-71.0901900000,125,'0.1085910000',0),(1464,34,42.3446350000,-71.0901910000,125,'0.1177850000',0),(1465,34,42.3440540000,-71.0898250000,125,'0.1195300000',0),(1466,34,42.3440580000,-71.0886900000,125,'0.1227520000',0),(1467,34,42.3439200000,-71.0876880000,125,'0.1222150000',0),(1468,34,42.3439020000,-71.0869040000,125,'0.1266440000',0),(1469,34,42.3437340000,-71.0860210000,125,'0.1370470000',0),(1470,34,42.3433870000,-71.0851910000,125,'0.1376510000',0),(1471,34,42.3428900000,-71.0850690000,125,'0.1468460000',0),(1472,34,42.3428450000,-71.0847690000,125,'0.1618120000',0),(1473,34,42.3427380000,-71.0853850000,125,'0.1780540000',0),(1474,34,42.3421340000,-71.0841900000,125,'0.1918120000',0),(1475,34,42.3423560000,-71.0842120000,125,'0.2180540000',0),(1476,34,42.3429850000,-71.0837360000,125,'0.2287920000',0),(1477,34,42.3435320000,-71.0831580000,125,'0.2534230000',0),(1478,34,42.3439010000,-71.0825300000,125,'0.2700670000',0),(1479,34,42.3444370000,-71.0830630000,125,'0.2967110000',0),(1480,34,42.3452280000,-71.0828720000,125,'0.3188590000',0),(1481,34,42.3459190000,-71.0823800000,125,'0.3421480000',0),(1482,34,42.3459620000,-71.0821320000,125,'0.3756380000',0),(1483,34,42.3458970000,-71.0814310000,125,'0.4119460000',0),(1484,34,42.3463000000,-71.0807010000,125,'0.4494630000',0),(1485,34,42.3468370000,-71.0805840000,125,'0.4921480000',0),(1486,34,42.3472900000,-71.0799590000,125,'0.5367110000',0),(1487,34,42.3476470000,-71.0800740000,125,'0.5897320000',0),(1488,34,42.3483620000,-71.0804360000,125,'0.6544970000',0),(1489,34,42.3486920000,-71.0805710000,125,'0.7227520000',0),(1490,34,42.3491680000,-71.0810420000,125,'0.8163760000',0),(1491,34,42.3489660000,-71.0819340000,125,'0.9267790000',0),(1492,35,42.3452170000,-71.0900810000,125,'0.0171140000',0),(1493,35,42.3451590000,-71.0900310000,125,'0.0171140000',0),(1494,35,42.3454600000,-71.0902100000,125,'0.0197990000',0),(1495,35,42.3452180000,-71.0899190000,125,'0.0130200000',0),(1496,35,42.3451710000,-71.0898140000,125,'0.0452350000',0),(1497,35,42.3452030000,-71.0898510000,125,'0.1000670000',0),(1498,35,42.3452760000,-71.0901830000,125,'0.1070470000',0),(1499,35,42.3452970000,-71.0901470000,125,'0.1132210000',0),(1500,35,42.3453740000,-71.0900430000,125,'0.1002010000',0),(1501,35,42.3451810000,-71.0901900000,125,'0.1085910000',0),(1502,35,42.3446350000,-71.0901910000,125,'0.1177850000',0),(1503,35,42.3440540000,-71.0898250000,125,'0.1195300000',0),(1504,35,42.3440580000,-71.0886900000,125,'0.1227520000',0),(1505,35,42.3439200000,-71.0876880000,125,'0.1222150000',0),(1506,35,42.3439020000,-71.0869040000,125,'0.1266440000',0),(1507,35,42.3437340000,-71.0860210000,125,'0.1370470000',0),(1508,35,42.3433870000,-71.0851910000,125,'0.1376510000',0),(1509,35,42.3428900000,-71.0850690000,125,'0.1468460000',0),(1510,35,42.3428450000,-71.0847690000,125,'0.1618120000',0),(1511,35,42.3427380000,-71.0853850000,125,'0.1780540000',0),(1512,35,42.3421340000,-71.0841900000,125,'0.1918120000',0),(1513,35,42.3423560000,-71.0842120000,125,'0.2180540000',0),(1514,35,42.3429850000,-71.0837360000,125,'0.2287920000',0),(1515,35,42.3435320000,-71.0831580000,125,'0.2534230000',0),(1516,35,42.3439010000,-71.0825300000,125,'0.2700670000',0),(1517,35,42.3444370000,-71.0830630000,125,'0.2967110000',0),(1518,35,42.3452280000,-71.0828720000,125,'0.3188590000',0),(1519,35,42.3459190000,-71.0823800000,125,'0.3421480000',0),(1520,35,42.3459620000,-71.0821320000,125,'0.3756380000',0),(1521,35,42.3458970000,-71.0814310000,125,'0.4119460000',0),(1522,35,42.3463000000,-71.0807010000,125,'0.4494630000',0),(1523,35,42.3468370000,-71.0805840000,125,'0.4921480000',0),(1524,35,42.3472900000,-71.0799590000,125,'0.5367110000',0),(1525,35,42.3476470000,-71.0800740000,125,'0.5897320000',0),(1526,35,42.3483620000,-71.0804360000,125,'0.6544970000',0),(1527,35,42.3486920000,-71.0805710000,125,'0.7227520000',0),(1528,35,42.3491680000,-71.0810420000,125,'0.8163760000',0),(1529,35,42.3489660000,-71.0819340000,125,'0.9267790000',0),(1530,36,42.3452170000,-71.0900810000,125,'0.0171140000',0),(1531,36,42.3451590000,-71.0900310000,125,'0.0171140000',0),(1532,36,42.3454600000,-71.0902100000,125,'0.0197990000',0),(1533,36,42.3452180000,-71.0899190000,125,'0.0130200000',0),(1534,36,42.3451710000,-71.0898140000,125,'0.0452350000',0),(1535,36,42.3452030000,-71.0898510000,125,'0.1000670000',0),(1536,36,42.3452760000,-71.0901830000,125,'0.1070470000',0),(1537,36,42.3452970000,-71.0901470000,125,'0.1132210000',0),(1538,36,42.3453740000,-71.0900430000,125,'0.1002010000',0),(1539,36,42.3451810000,-71.0901900000,125,'0.1085910000',0),(1540,36,42.3446350000,-71.0901910000,125,'0.1177850000',0),(1541,36,42.3440540000,-71.0898250000,125,'0.1195300000',0),(1542,36,42.3440580000,-71.0886900000,125,'0.1227520000',0),(1543,36,42.3439200000,-71.0876880000,125,'0.1222150000',0),(1544,36,42.3439020000,-71.0869040000,125,'0.1266440000',0),(1545,36,42.3437340000,-71.0860210000,125,'0.1370470000',0),(1546,36,42.3433870000,-71.0851910000,125,'0.1376510000',0),(1547,36,42.3428900000,-71.0850690000,125,'0.1468460000',0),(1548,36,42.3428450000,-71.0847690000,125,'0.1618120000',0),(1549,36,42.3427380000,-71.0853850000,125,'0.1780540000',0),(1550,36,42.3421340000,-71.0841900000,125,'0.1918120000',0),(1551,36,42.3423560000,-71.0842120000,125,'0.2180540000',0),(1552,36,42.3429850000,-71.0837360000,125,'0.2287920000',0),(1553,36,42.3435320000,-71.0831580000,125,'0.2534230000',0),(1554,36,42.3439010000,-71.0825300000,125,'0.2700670000',0),(1555,36,42.3444370000,-71.0830630000,125,'0.2967110000',0),(1556,36,42.3452280000,-71.0828720000,125,'0.3188590000',0),(1557,36,42.3459190000,-71.0823800000,125,'0.3421480000',0),(1558,36,42.3459620000,-71.0821320000,125,'0.3756380000',0),(1559,36,42.3458970000,-71.0814310000,125,'0.4119460000',0),(1560,36,42.3463000000,-71.0807010000,125,'0.4494630000',0),(1561,36,42.3468370000,-71.0805840000,125,'0.4921480000',0),(1562,36,42.3472900000,-71.0799590000,125,'0.5367110000',0),(1563,36,42.3476470000,-71.0800740000,125,'0.5897320000',0),(1564,36,42.3483620000,-71.0804360000,125,'0.6544970000',0),(1565,36,42.3486920000,-71.0805710000,125,'0.7227520000',0),(1566,36,42.3491680000,-71.0810420000,125,'0.8163760000',0),(1567,36,42.3489660000,-71.0819340000,125,'0.9267790000',0),(1568,36,42.3452170000,-71.0900810000,125,'0.0854950000',0),(1569,36,42.3451590000,-71.0900310000,125,'0.0860060000',0),(1570,36,42.3454600000,-71.0902100000,125,'0.0548880000',0),(1571,36,42.3452180000,-71.0899190000,125,'0.0989780000',0),(1572,36,42.3451710000,-71.0898140000,125,'0.1154630000',0),(1573,36,42.3452030000,-71.0898510000,125,'0.1462620000',0),(1574,36,42.3452760000,-71.0901830000,125,'0.1670930000',0),(1575,36,42.3452970000,-71.0901470000,125,'0.1640260000',0),(1576,36,42.3453740000,-71.0900430000,125,'0.1669650000',0),(1577,36,42.3451810000,-71.0901900000,125,'0.1714380000',0),(1578,36,42.3446350000,-71.0901910000,125,'0.1718850000',0),(1579,36,42.3440540000,-71.0898250000,125,'0.1630030000',0),(1580,36,42.3440580000,-71.0886900000,125,'0.1712460000',0),(1581,36,42.3439200000,-71.0876880000,125,'0.1765500000',0),(1582,36,42.3439020000,-71.0869040000,125,'0.1902880000',0),(1583,36,42.3437340000,-71.0860210000,125,'0.1870290000',0),(1584,36,42.3433870000,-71.0851910000,125,'0.1905430000',0),(1585,36,42.3428900000,-71.0850690000,125,'0.2084980000',0),(1586,36,42.3428450000,-71.0847690000,125,'0.2102240000',0),(1587,36,42.3427380000,-71.0853850000,125,'0.2241530000',0),(1588,36,42.3421340000,-71.0841900000,125,'0.2308630000',0),(1589,36,42.3423560000,-71.0842120000,125,'0.2496490000',0),(1590,36,42.3429850000,-71.0837360000,125,'0.2667090000',0),(1591,36,42.3435320000,-71.0831580000,125,'0.2978910000',0),(1592,36,42.3439010000,-71.0825300000,125,'0.3023000000',0),(1593,36,42.3444370000,-71.0830630000,125,'0.3323960000',0),(1594,36,42.3452280000,-71.0828720000,125,'0.3654310000',0),(1595,36,42.3459190000,-71.0823800000,125,'0.3840260000',0),(1596,36,42.3459620000,-71.0821320000,125,'0.4146330000',0),(1597,36,42.3458970000,-71.0814310000,125,'0.4452400000',0),(1598,36,42.3463000000,-71.0807010000,125,'0.4847280000',0),(1599,36,42.3468370000,-71.0805840000,125,'0.5189780000',0),(1600,36,42.3472900000,-71.0799590000,125,'0.5616610000',0),(1601,36,42.3476470000,-71.0800740000,125,'0.6113100000',0),(1602,36,42.3483620000,-71.0804360000,125,'0.6699040000',0),(1603,36,42.3486920000,-71.0805710000,125,'0.7378910000',0),(1604,36,42.3491680000,-71.0810420000,125,'0.8239620000',0),(1605,36,42.3489660000,-71.0819340000,125,'0.9335460000',0),(1606,36,42.3452170000,-71.0900810000,125,'0.5342340000',0),(1607,36,42.3451590000,-71.0900310000,125,'0.6274170000',0),(1608,36,42.3454600000,-71.0902100000,125,'0.3907110000',0),(1609,36,42.3452180000,-71.0899190000,125,'0.3754630000',0),(1610,36,42.3451710000,-71.0898140000,125,'0.3956330000',0),(1611,36,42.3452030000,-71.0898510000,125,'0.3513160000',0),(1612,36,42.3452760000,-71.0901830000,125,'0.4628240000',0),(1613,36,42.3452970000,-71.0901470000,125,'0.5936540000',0),(1614,36,42.3453740000,-71.0900430000,125,'0.5357680000',0),(1615,36,42.3451810000,-71.0901900000,125,'0.7619120000',0),(1616,36,42.3446350000,-71.0901910000,125,'0.7940670000',0),(1617,36,42.3440540000,-71.0898250000,125,'0.8417220000',0),(1618,36,42.3440580000,-71.0886900000,125,'0.8030710000',0),(1619,36,42.3439200000,-71.0876880000,125,'0.7716700000',0),(1620,36,42.3439020000,-71.0869040000,125,'0.7961700000',0),(1621,36,42.3437340000,-71.0860210000,125,'0.7468360000',0),(1622,36,42.3433870000,-71.0851910000,125,'0.8219140000',0),(1623,36,42.3428900000,-71.0850690000,125,'0.7411800000',0),(1624,36,42.3428450000,-71.0847690000,125,'0.8052900000',0),(1625,36,42.3427380000,-71.0853850000,125,'0.7568350000',0),(1626,36,42.3421340000,-71.0841900000,125,'0.8009580000',0),(1627,36,42.3423560000,-71.0842120000,125,'0.8559760000',0),(1628,36,42.3429850000,-71.0837360000,125,'0.8787840000',0),(1629,36,42.3435320000,-71.0831580000,125,'0.8670610000',0),(1630,36,42.3439010000,-71.0825300000,125,'0.7584100000',0),(1631,36,42.3444370000,-71.0830630000,125,'0.9547280000',0),(1632,36,42.3452280000,-71.0828720000,125,'0.9037560000',0),(1633,36,42.3459190000,-71.0823800000,125,'0.9194110000',0),(1634,36,42.3459620000,-71.0821320000,125,'0.8927350000',0),(1635,36,42.3458970000,-71.0814310000,125,'0.7368890000',0),(1636,36,42.3463000000,-71.0807010000,125,'0.7488770000',0),(1637,36,42.3468370000,-71.0805840000,125,'0.7298120000',0),(1638,36,42.3472900000,-71.0799590000,125,'0.7050970000',0),(1639,36,42.3476470000,-71.0800740000,125,'0.8252520000',0),(1640,36,42.3483620000,-71.0804360000,125,'0.8069720000',0),(1641,36,42.3486920000,-71.0805710000,125,'0.7446810000',0),(1642,36,42.3491680000,-71.0810420000,125,'0.6981840000',0),(1643,36,42.3489660000,-71.0819340000,125,'0.8171000000',0),(1644,34,42.3451710000,-71.0898140000,125,'0.0387840000',0),(1645,34,42.3452030000,-71.0898510000,125,'0.0939860000',0),(1646,34,42.3452760000,-71.0901830000,125,'0.1010140000',0),(1647,34,42.3452970000,-71.0901470000,125,'0.1072300000',0),(1648,34,42.3453740000,-71.0900430000,125,'0.0941220000',0),(1649,34,42.3451810000,-71.0901900000,125,'0.1025680000',0),(1650,34,42.3446350000,-71.0901910000,125,'0.1118240000',0),(1651,34,42.3440540000,-71.0898250000,125,'0.1135810000',0),(1652,34,42.3440580000,-71.0886900000,125,'0.1168240000',0),(1653,34,42.3439200000,-71.0876880000,125,'0.1162840000',0),(1654,34,42.3439020000,-71.0869040000,125,'0.1207430000',0),(1655,34,42.3437340000,-71.0860210000,125,'0.1312160000',0),(1656,34,42.3433870000,-71.0851910000,125,'0.1318240000',0),(1657,34,42.3428900000,-71.0850690000,125,'0.1410810000',0),(1658,34,42.3428450000,-71.0847690000,125,'0.1561490000',0),(1659,34,42.3427380000,-71.0853850000,125,'0.1725000000',0),(1660,34,42.3421340000,-71.0841900000,125,'0.1863510000',0),(1661,34,42.3423560000,-71.0842120000,125,'0.2127700000',0),(1662,34,42.3429850000,-71.0837360000,125,'0.2235810000',0),(1663,34,42.3435320000,-71.0831580000,125,'0.2483780000',0),(1664,34,42.3439010000,-71.0825300000,125,'0.2651350000',0),(1665,34,42.3444370000,-71.0830630000,125,'0.2919590000',0),(1666,34,42.3452280000,-71.0828720000,125,'0.3142570000',0),(1667,34,42.3459190000,-71.0823800000,125,'0.3377030000',0),(1668,34,42.3459620000,-71.0821320000,125,'0.3714190000',0),(1669,34,42.3458970000,-71.0814310000,125,'0.4079730000',0),(1670,34,42.3463000000,-71.0807010000,125,'0.4457430000',0),(1671,34,42.3468370000,-71.0805840000,125,'0.4887160000',0),(1672,34,42.3472900000,-71.0799590000,125,'0.5335810000',0),(1673,34,42.3476470000,-71.0800740000,125,'0.5869590000',0),(1674,34,42.3483620000,-71.0804360000,125,'0.6521620000',0),(1675,34,42.3486920000,-71.0805710000,125,'0.7208780000',0),(1676,34,42.3491680000,-71.0810420000,125,'0.8151350000',0),(1677,34,42.3489660000,-71.0819340000,125,'0.9262840000',0),(1678,41,0.0000000000,0.0000000000,0,'0.0000000000',0),(1679,41,0.0000000000,0.0000000000,0,'0.0000000000',0),(1680,41,0.0000000000,0.0000000000,0,'0.0000000000',0),(1681,41,0.0000000000,0.0000000000,0,'0.0000000000',0),(1682,41,0.0000000000,0.0000000000,0,'0.0000000000',0),(1683,41,0.0000000000,0.0000000000,0,'0.0000000000',0),(1684,41,0.0000000000,0.0000000000,0,'0.0000000000',0),(1685,41,0.0000000000,0.0000000000,0,'0.0000000000',0),(1686,41,0.0000000000,0.0000000000,0,'0.0000000000',0),(1687,41,0.0000000000,0.0000000000,0,'0.0000000000',0),(1688,41,0.0000000000,0.0000000000,0,'0.0000000000',0),(1689,41,0.0000000000,0.0000000000,0,'0.0000000000',0),(1690,41,0.0000000000,0.0000000000,0,'0.0000000000',0),(1691,41,0.0000000000,0.0000000000,0,'0.0000000000',0),(1692,41,0.0000000000,0.0000000000,0,'0.0000000000',0),(1693,41,0.0000000000,0.0000000000,0,'0.0000000000',0),(1694,41,0.0000000000,0.0000000000,0,'0.0000000000',0),(1695,41,0.0000000000,0.0000000000,0,'0.0000000000',0),(1696,41,0.0000000000,0.0000000000,0,'0.0000000000',0),(1697,41,0.0000000000,0.0000000000,0,'0.0000000000',0),(1698,41,0.0000000000,0.0000000000,0,'0.0000000000',0),(1699,41,0.0000000000,0.0000000000,0,'0.0000000000',0),(1700,41,0.0000000000,0.0000000000,0,'0.0000000000',0),(1701,41,0.0000000000,0.0000000000,0,'0.0000000000',0),(1702,41,0.0000000000,0.0000000000,0,'0.0000000000',0),(1703,41,0.0000000000,0.0000000000,0,'0.0000000000',0),(1704,41,0.0000000000,0.0000000000,0,'0.0000000000',0),(1705,41,0.0000000000,0.0000000000,0,'0.0000000000',0),(1706,41,0.0000000000,0.0000000000,0,'0.0000000000',0),(1707,41,0.0000000000,0.0000000000,0,'0.0000000000',0),(1708,41,0.0000000000,0.0000000000,0,'0.0000000000',0),(1709,41,0.0000000000,0.0000000000,0,'0.0000000000',0),(1710,41,0.0000000000,0.0000000000,0,'0.0000000000',0),(1711,41,0.0000000000,0.0000000000,0,'0.0000000000',0),(1712,41,0.0000000000,0.0000000000,0,'0.0000000000',0),(1713,41,0.0000000000,0.0000000000,0,'0.0000000000',0),(1714,41,0.0000000000,0.0000000000,0,'0.0000000000',0),(1715,41,0.0000000000,0.0000000000,0,'0.0000000000',0),(1716,41,0.0000000000,0.0000000000,0,'0.0000000000',0),(1717,41,0.0000000000,0.0000000000,0,'0.0000000000',0),(1718,41,0.0000000000,0.0000000000,0,'0.0000000000',0),(1719,41,0.0000000000,0.0000000000,0,'0.0000000000',0),(1720,41,0.0000000000,0.0000000000,0,'0.0000000000',0),(1721,41,0.0000000000,0.0000000000,0,'0.0000000000',0),(1722,41,0.0000000000,0.0000000000,0,'0.0000000000',0),(1723,41,0.0000000000,0.0000000000,0,'0.0000000000',0),(1724,41,0.0000000000,0.0000000000,0,'0.0000000000',0),(1725,41,0.0000000000,0.0000000000,0,'0.0000000000',0),(1726,41,0.0000000000,0.0000000000,0,'0.0000000000',0),(1727,41,0.0000000000,0.0000000000,0,'0.0000000000',0),(1728,41,0.0000000000,0.0000000000,0,'0.0000000000',0),(1729,41,0.0000000000,0.0000000000,0,'0.0000000000',0),(1730,41,0.0000000000,0.0000000000,0,'0.0000000000',0),(1731,41,0.0000000000,0.0000000000,0,'0.0000000000',0),(1732,41,0.0000000000,0.0000000000,0,'0.0000000000',0),(1733,41,0.0000000000,0.0000000000,0,'0.0000000000',0),(1734,41,0.0000000000,0.0000000000,0,'0.0000000000',0),(1735,41,0.0000000000,0.0000000000,0,'0.0000000000',0),(1736,41,0.0000000000,0.0000000000,0,'0.0000000000',0),(1737,41,0.0000000000,0.0000000000,0,'0.0000000000',0),(1738,41,0.0000000000,0.0000000000,0,'0.0000000000',0),(1739,41,0.0000000000,0.0000000000,0,'0.0000000000',0),(1740,41,0.0000000000,0.0000000000,0,'0.0000000000',0),(1741,41,0.0000000000,0.0000000000,0,'0.0000000000',0),(1742,41,0.0000000000,0.0000000000,0,'0.0000000000',0),(1743,41,0.0000000000,0.0000000000,0,'0.0000000000',0),(1744,41,0.0000000000,0.0000000000,0,'0.0000000000',0),(1745,41,0.0000000000,0.0000000000,0,'0.0000000000',0),(1746,41,0.0000000000,0.0000000000,0,'0.0000000000',0),(1747,41,0.0000000000,0.0000000000,0,'0.0000000000',0),(1748,41,0.0000000000,0.0000000000,0,'0.0000000000',0),(1749,41,0.0000000000,0.0000000000,0,'0.0000000000',0),(1750,41,0.0000000000,0.0000000000,0,'0.0000000000',0),(1751,41,0.0000000000,0.0000000000,0,'0.0000000000',0),(1752,41,0.0000000000,0.0000000000,0,'0.0000000000',0),(1753,41,0.0000000000,0.0000000000,0,'0.0000000000',0),(1754,41,0.0000000000,0.0000000000,0,'0.0000000000',0),(1755,41,0.0000000000,0.0000000000,0,'0.0000000000',0),(1756,41,0.0000000000,0.0000000000,0,'0.0000000000',0),(1757,41,0.0000000000,0.0000000000,0,'0.0000000000',0),(1758,41,0.0000000000,0.0000000000,0,'0.0000000000',0),(1759,41,0.0000000000,0.0000000000,0,'0.0000000000',0),(1760,41,0.0000000000,0.0000000000,0,'0.0000000000',0),(1761,41,0.0000000000,0.0000000000,0,'0.0000000000',0),(1762,41,0.0000000000,0.0000000000,0,'0.0000000000',0),(1763,41,0.0000000000,0.0000000000,0,'0.0000000000',0),(1764,41,0.0000000000,0.0000000000,0,'0.0000000000',0),(1765,41,0.0000000000,0.0000000000,0,'0.0000000000',0),(1766,41,0.0000000000,0.0000000000,0,'0.0000000000',0),(1767,41,0.0000000000,0.0000000000,0,'0.0000000000',0),(1768,41,0.0000000000,0.0000000000,0,'0.0000000000',0),(1769,41,0.0000000000,0.0000000000,0,'0.0000000000',0),(1770,41,0.0000000000,0.0000000000,0,'0.0000000000',0),(1771,41,0.0000000000,0.0000000000,0,'0.0000000000',0),(1772,41,0.0000000000,0.0000000000,0,'0.0000000000',0),(1773,41,0.0000000000,0.0000000000,0,'0.0000000000',0),(1774,41,0.0000000000,0.0000000000,0,'0.0000000000',0),(1775,41,0.0000000000,0.0000000000,0,'0.0000000000',0),(1776,41,0.0000000000,0.0000000000,0,'0.0000000000',0),(1777,41,0.0000000000,0.0000000000,0,'0.0000000000',0),(1778,41,0.0000000000,0.0000000000,0,'0.0000000000',0),(1779,41,0.0000000000,0.0000000000,0,'0.0000000000',0),(1780,41,0.0000000000,0.0000000000,0,'0.0000000000',0),(1781,41,0.0000000000,0.0000000000,0,'0.0000000000',0),(1782,41,0.0000000000,0.0000000000,0,'0.0000000000',0),(1783,41,0.0000000000,0.0000000000,0,'0.0000000000',0),(1784,41,0.0000000000,0.0000000000,0,'0.0000000000',0),(1785,41,0.0000000000,0.0000000000,0,'0.0000000000',0),(1786,41,0.0000000000,0.0000000000,0,'0.0000000000',0),(1787,41,0.0000000000,0.0000000000,0,'0.0000000000',0),(1788,41,0.0000000000,0.0000000000,0,'0.0000000000',0),(1789,41,0.0000000000,0.0000000000,0,'0.0000000000',0),(1790,41,0.0000000000,0.0000000000,0,'0.0000000000',0),(1791,41,0.0000000000,0.0000000000,0,'0.0000000000',0),(1792,41,0.0000000000,0.0000000000,0,'0.0000000000',0),(1793,41,0.0000000000,0.0000000000,0,'0.0000000000',0),(1794,41,0.0000000000,0.0000000000,0,'0.0000000000',0),(1795,41,0.0000000000,0.0000000000,0,'0.0000000000',0),(1796,41,0.0000000000,0.0000000000,0,'0.0000000000',0),(1797,41,0.0000000000,0.0000000000,0,'0.0000000000',0),(1798,41,0.0000000000,0.0000000000,0,'0.0000000000',0),(1799,41,0.0000000000,0.0000000000,0,'0.0000000000',0),(1800,41,0.0000000000,0.0000000000,0,'0.0000000000',0),(1801,41,0.0000000000,0.0000000000,0,'0.0000000000',0),(1802,41,0.0000000000,0.0000000000,0,'0.0000000000',0),(1803,41,0.0000000000,0.0000000000,0,'0.0000000000',0),(1804,41,0.0000000000,0.0000000000,0,'0.0000000000',0),(1805,41,0.0000000000,0.0000000000,0,'0.0000000000',0),(1806,41,0.0000000000,0.0000000000,0,'0.0000000000',0),(1807,41,0.0000000000,0.0000000000,0,'0.0000000000',0),(1808,41,0.0000000000,0.0000000000,0,'0.0000000000',0),(1809,41,0.0000000000,0.0000000000,0,'0.0000000000',0),(1810,41,0.0000000000,0.0000000000,0,'0.0000000000',0),(1811,41,0.0000000000,0.0000000000,0,'0.0000000000',0),(1812,41,0.0000000000,0.0000000000,0,'0.0000000000',0),(1813,41,0.0000000000,0.0000000000,0,'0.0000000000',0),(1814,40,0.0000000000,0.0000000000,0,'0.0000000000',0),(1815,40,0.0000000000,0.0000000000,150,'0.0000000000',0),(1816,40,0.0000000000,0.0000000000,0,'0.0000000000',0),(1817,40,0.0000000000,0.0000000000,0,'0.0000000000',0),(1818,40,0.0000000000,0.0000000000,0,'0.0000000000',0),(1819,40,0.0000000000,0.0000000000,0,'0.0000000000',0),(1820,40,0.0000000000,0.0000000000,0,'0.0000000000',0),(1821,40,0.0000000000,0.0000000000,0,'0.0000000000',0),(1822,40,0.0000000000,0.0000000000,0,'0.9999999999',0),(1823,40,0.0000000000,0.0000000000,0,'0.0000000000',0),(1824,40,0.0000000000,0.0000000000,0,'0.0000000000',0),(1825,40,0.0000000000,0.0000000000,0,'0.0000000000',0),(1826,40,0.0000000000,0.0000000000,0,'0.0000000000',0),(1827,40,0.0000000000,0.0000000000,0,'0.0000000000',0),(1828,40,0.0000000000,0.0000000000,0,'0.0000000000',0),(1829,40,0.0000000000,0.0000000000,0,'0.0000000000',0),(1830,40,0.0000000000,0.0000000000,0,'0.0000000000',0),(1831,40,0.0000000000,0.0000000000,0,'0.0000000000',0),(1832,40,0.0000000000,0.0000000000,0,'0.0000000000',0),(1833,40,0.0000000000,0.0000000000,0,'0.0000000000',0),(1834,40,0.0000000000,0.0000000000,0,'0.9999999999',0),(1835,40,0.0000000000,0.0000000000,0,'0.0000000000',0),(1836,40,0.0000000000,0.0000000000,0,'0.0000000000',0),(1837,40,0.0000000000,0.0000000000,0,'0.0000000000',0),(1838,40,0.0000000000,0.0000000000,0,'0.0000000000',0),(1839,40,0.0000000000,0.0000000000,0,'0.0000000000',0),(1840,40,0.0000000000,0.0000000000,0,'0.0000000000',0),(1841,40,0.0000000000,0.0000000000,0,'0.0000000000',0),(1842,40,0.0000000000,0.0000000000,0,'0.0000000000',0),(1843,40,0.0000000000,0.0000000000,0,'0.0000000000',0),(1844,40,0.0000000000,0.0000000000,0,'0.0000000000',0),(1845,39,-27.0000000000,-123.0000000000,1600,'0.2000000000',0),(1846,39,-28.0000000000,-123.4000000000,1600,'0.3000000000',0),(1858,43,42.3690000000,-71.1300000000,80,'0.0000000000',1364324070000),(1859,43,42.3700000000,-71.1300000000,80,'0.1000000000',1364324071000),(1860,43,42.3710000000,-71.1300000000,80,'0.2000000000',1364324072000),(1861,43,42.3720000000,-71.1300000000,80,'0.3000000000',1364324073000),(1862,43,42.3730000000,-71.1300000000,80,'0.4000000000',1364324074000),(1863,43,42.3740000000,-71.1300000000,80,'0.5000000000',1364324075000),(1864,43,42.3750000000,-71.1300000000,80,'0.6000000000',1364324076000),(1865,43,42.3760000000,-71.1300000000,80,'0.7000000000',1364324077000),(1866,43,42.3770000000,-71.1300000000,80,'0.8000000000',1364324078000),(1867,43,42.3780000000,-71.1300000000,80,'0.9000000000',1364324079000),(1868,44,42.3452170000,-71.0900810000,125,'0.0171140000',1366938060000),(1869,44,42.3451590000,-71.0900310000,125,'0.0171140000',1366938120000),(1870,44,42.3454600000,-71.0902100000,125,'0.0197990000',1366938180000),(1871,44,42.3452180000,-71.0899190000,125,'0.0130200000',1366938240000),(1872,44,42.3451710000,-71.0898140000,125,'0.0452350000',1366938300000),(1873,44,42.3452030000,-71.0898510000,125,'0.1000670000',1366938360000),(1874,44,42.3452760000,-71.0901830000,125,'0.1070470000',1366938420000),(1875,44,42.3452970000,-71.0901470000,125,'0.1132210000',1366938480000),(1876,44,42.3453740000,-71.0900430000,125,'0.1002010000',1366938540000),(1877,44,42.3451810000,-71.0901900000,125,'0.1085910000',1366938600000),(1878,44,42.3446350000,-71.0901910000,125,'0.1177850000',1366938660000),(1879,44,42.3440540000,-71.0898250000,125,'0.1195300000',1366938720000),(1880,44,42.3440580000,-71.0886900000,125,'0.1227520000',1366938780000),(1881,44,42.3439200000,-71.0876880000,125,'0.1222150000',1366938840000),(1882,44,42.3439020000,-71.0869040000,125,'0.1266440000',1366938900000),(1883,44,42.3437340000,-71.0860210000,125,'0.1370470000',1366938960000),(1884,44,42.3433870000,-71.0851910000,125,'0.1376510000',1366939020000),(1885,44,42.3428900000,-71.0850690000,125,'0.1468460000',1366939080000),(1886,44,42.3428450000,-71.0847690000,125,'0.1618120000',1366939140000),(1887,44,42.3427380000,-71.0853850000,125,'0.1780540000',1366939200000),(1888,44,42.3421340000,-71.0841900000,125,'0.1918120000',1366939260000),(1889,44,42.3423560000,-71.0842120000,125,'0.2180540000',1366939320000),(1890,44,42.3429850000,-71.0837360000,125,'0.2287920000',1366939380000),(1891,44,42.3435320000,-71.0831580000,125,'0.2534230000',1366939440000),(1892,44,42.3439010000,-71.0825300000,125,'0.2700670000',1366939500000),(1893,44,42.3444370000,-71.0830630000,125,'0.2967110000',1366939560000),(1894,44,42.3452280000,-71.0828720000,125,'0.3188590000',1366939620000),(1895,44,42.3459190000,-71.0823800000,125,'0.3421480000',1366939680000),(1896,44,42.3459620000,-71.0821320000,125,'0.3756380000',1366939740000),(1897,44,42.3458970000,-71.0814310000,125,'0.4119460000',1366939800000),(1898,44,42.3463000000,-71.0807010000,125,'0.4494630000',1366939860000),(1899,44,42.3468370000,-71.0805840000,125,'0.4921480000',1366939920000),(1900,44,42.3472900000,-71.0799590000,125,'0.5367110000',1366939980000),(1901,44,42.3476470000,-71.0800740000,125,'0.5897320000',1366940040000),(1902,44,42.3483620000,-71.0804360000,125,'0.6544970000',1366940100000),(1903,44,42.3486920000,-71.0805710000,125,'0.7227520000',1366940160000),(1904,44,42.3491680000,-71.0810420000,125,'0.8163760000',1366940220000),(1905,44,42.3489660000,-71.0819340000,125,'0.9267790000',1366940280000),(1906,44,42.3452170000,-71.0900810000,125,'0.0854950000',1366940340000),(1907,44,42.3451590000,-71.0900310000,125,'0.0860060000',1366940400000),(1908,44,42.3454600000,-71.0902100000,125,'0.0548880000',1366940460000),(1909,44,42.3452180000,-71.0899190000,125,'0.0989780000',1366940520000),(1910,44,42.3451710000,-71.0898140000,125,'0.1154630000',1366940580000),(1911,44,42.3452030000,-71.0898510000,125,'0.1462620000',1366940640000),(1912,44,42.3452760000,-71.0901830000,125,'0.1670930000',1366940700000),(1913,44,42.3452970000,-71.0901470000,125,'0.1640260000',1366940760000),(1914,44,42.3453740000,-71.0900430000,125,'0.1669650000',1366940820000),(1915,44,42.3451810000,-71.0901900000,125,'0.1714380000',1366940880000),(1916,44,42.3446350000,-71.0901910000,125,'0.1718850000',1366940940000),(1917,44,42.3440540000,-71.0898250000,125,'0.1630030000',1366941000000),(1918,44,42.3440580000,-71.0886900000,125,'0.1712460000',1366941060000),(1919,44,42.3439200000,-71.0876880000,125,'0.1765500000',1366941120000),(1920,44,42.3439020000,-71.0869040000,125,'0.1902880000',1366941180000),(1921,44,42.3437340000,-71.0860210000,125,'0.1870290000',1366941240000),(1922,44,42.3433870000,-71.0851910000,125,'0.1905430000',1366941300000),(1923,44,42.3428900000,-71.0850690000,125,'0.2084980000',1366941360000),(1924,44,42.3428450000,-71.0847690000,125,'0.2102240000',1366941420000),(1925,44,42.3427380000,-71.0853850000,125,'0.2241530000',1366941480000),(1926,44,42.3421340000,-71.0841900000,125,'0.2308630000',1366941540000),(1927,44,42.3423560000,-71.0842120000,125,'0.2496490000',1366941600000),(1928,44,42.3429850000,-71.0837360000,125,'0.2667090000',1366941660000),(1929,44,42.3435320000,-71.0831580000,125,'0.2978910000',1366941720000),(1930,44,42.3439010000,-71.0825300000,125,'0.3023000000',1366941780000),(1931,44,42.3444370000,-71.0830630000,125,'0.3323960000',1366941840000),(1932,44,42.3452280000,-71.0828720000,125,'0.3654310000',1366941900000),(1933,44,42.3459190000,-71.0823800000,125,'0.3840260000',1366941960000),(1934,44,42.3459620000,-71.0821320000,125,'0.4146330000',1366942020000),(1935,44,42.3458970000,-71.0814310000,125,'0.4452400000',1366942080000),(1936,44,42.3463000000,-71.0807010000,125,'0.4847280000',1366942140000),(1937,44,42.3468370000,-71.0805840000,125,'0.5189780000',1366942200000),(1938,44,42.3472900000,-71.0799590000,125,'0.5616610000',1366942260000),(1939,44,42.3476470000,-71.0800740000,125,'0.6113100000',1366942320000),(1940,44,42.3483620000,-71.0804360000,125,'0.6699040000',1366942380000),(1941,44,42.3486920000,-71.0805710000,125,'0.7378910000',1366942440000),(1942,44,42.3491680000,-71.0810420000,125,'0.8239620000',1366942500000),(1943,44,42.3489660000,-71.0819340000,125,'0.9335460000',1366942560000),(1944,44,42.3452170000,-71.0900810000,125,'0.5342340000',1366942620000),(1945,44,42.3451590000,-71.0900310000,125,'0.6274170000',1366942680000),(1946,44,42.3454600000,-71.0902100000,125,'0.3907110000',1366942740000),(1947,44,42.3452180000,-71.0899190000,125,'0.3754630000',1366942800000),(1948,44,42.3451710000,-71.0898140000,125,'0.3956330000',1366942860000),(1949,44,42.3452030000,-71.0898510000,125,'0.3513160000',1366942920000),(1950,44,42.3452760000,-71.0901830000,125,'0.4628240000',1366942980000),(1951,44,42.3452970000,-71.0901470000,125,'0.5936540000',1366943040000),(1952,44,42.3453740000,-71.0900430000,125,'0.5357680000',1366943100000),(1953,44,42.3451810000,-71.0901900000,125,'0.7619120000',1366943160000),(1954,44,42.3446350000,-71.0901910000,125,'0.7940670000',1366943220000),(1955,44,42.3440540000,-71.0898250000,125,'0.8417220000',1366943280000),(1956,44,42.3440580000,-71.0886900000,125,'0.8030710000',1366943340000),(1957,44,42.3439200000,-71.0876880000,125,'0.7716700000',1366943400000),(1958,44,42.3439020000,-71.0869040000,125,'0.7961700000',1366943460000),(1959,44,42.3437340000,-71.0860210000,125,'0.7468360000',1366943520000),(1960,44,42.3433870000,-71.0851910000,125,'0.8219140000',1366943580000),(1961,44,42.3428900000,-71.0850690000,125,'0.7411800000',1366943640000),(1962,44,42.3428450000,-71.0847690000,125,'0.8052900000',1366943700000),(1963,44,42.3427380000,-71.0853850000,125,'0.7568350000',1366943760000),(1964,44,42.3421340000,-71.0841900000,125,'0.8009580000',1366943820000),(1965,44,42.3423560000,-71.0842120000,125,'0.8559760000',1366943880000),(1966,44,42.3429850000,-71.0837360000,125,'0.8787840000',1366943940000),(1967,44,42.3435320000,-71.0831580000,125,'0.8670610000',1366944000000),(1968,44,42.3439010000,-71.0825300000,125,'0.7584100000',1366944060000),(1969,44,42.3444370000,-71.0830630000,125,'0.9547280000',1366944120000),(1970,44,42.3452280000,-71.0828720000,125,'0.9037560000',1366944180000),(1971,44,42.3459190000,-71.0823800000,125,'0.9194110000',1366944240000),(1972,44,42.3459620000,-71.0821320000,125,'0.8927350000',1366944300000),(1973,44,42.3458970000,-71.0814310000,125,'0.7368890000',1366944360000),(1974,44,42.3463000000,-71.0807010000,125,'0.7488770000',1366944420000),(1975,44,42.3468370000,-71.0805840000,125,'0.7298120000',1366944480000),(1976,44,42.3472900000,-71.0799590000,125,'0.7050970000',1366944540000),(1977,44,42.3476470000,-71.0800740000,125,'0.8252520000',1366944600000),(1978,44,42.3483620000,-71.0804360000,125,'0.8069720000',1366944660000),(1979,44,42.3486920000,-71.0805710000,125,'0.7446810000',1366944720000),(1980,44,42.3491680000,-71.0810420000,125,'0.6981840000',1366944780000),(1981,44,42.3489660000,-71.0819340000,125,'0.8171000000',1366944840000);
/*!40000 ALTER TABLE `point` ENABLE KEYS */;
UNLOCK TABLES;

--
-- Table structure for table `project`
--

DROP TABLE IF EXISTS `project`;
/*!40101 SET @saved_cs_client     = @@character_set_client */;
/*!40101 SET character_set_client = utf8 */;
CREATE TABLE `project` (
  `id` int(4) NOT NULL AUTO_INCREMENT,
  `name` varchar(255) NOT NULL,
  `description` text NOT NULL,
  `blurb` text NOT NULL,
  `private` tinyint(1) NOT NULL,
  PRIMARY KEY (`id`)
) ENGINE=MyISAM AUTO_INCREMENT=46 DEFAULT CHARSET=latin1;
/*!40101 SET character_set_client = @saved_cs_client */;

--
-- Dumping data for table `project`
--

LOCK TABLES `project` WRITE;
/*!40000 ALTER TABLE `project` DISABLE KEYS */;
INSERT INTO `project` VALUES (1,'October 21','BLKJDsdlkfj','',1),(2,'amd','aaa','bv',1),(3,'Testing','','',1),(4,'Lab 11','homework','thisis homework',0),(5,'DriverMap','Affective Map of Commuting path','driver and passenger biosensor info',0),(6,'ICT Lab 11','Lab 11','temperature points',0),(7,'ICT Lab','','',0),(17,'mymaps','nice','222',1),(18,'D-Lab ICT HW11','Mapping Temperature Data','',0),(19,'','','',1),(20,'Testing 123','My test project','Great',1),(21,'Javascript Test','','',1),(22,'dave test','testing new login','this is just a test',1),(25,'Test','Test for App','',0),(26,'test-nov-30-12','mit traffic','5pm kendall square',0),(27,'MIT Area CO level','CO level near MIT','',0),(28,'Pollution Monitoring MIT','Pollution Gas level near MIT','Gives the pollution Gas level concentration near MIT',0),(29,'Boston-Ozone','Ozone Level near Boston Prudential','',0),(31,'Ecomini(200 RADIUS)','Boston Area','Pollution Monitoring(200RADIUS)',0),(32,'ECOMINI(100 RADIUS)','Boston Area','',0),(33,'ECOMINI(75 RADIUS)','','',0),(34,'ECOMINI (125 RADIUS)','','',0),(36,'Ecomini_new','','',0),(37,'test','Testing map data','',1),(38,'proj1','test proj','blurb',1),(39,'asdf','asdf','asdf',1),(40,'asdfa','asdf','asdf',1),(41,'asdf','asdf','asdf',1),(43,'Linear Vertical Data','Project contains data arranged vertically spanning several seconds','created April 21, 2013',1),(44,'Ecomini','ecomini','',1),(45,'School Sports Field','Norton High School Field','Baseball',1);
/*!40000 ALTER TABLE `project` ENABLE KEYS */;
UNLOCK TABLES;

--
-- Table structure for table `projusers`
--

DROP TABLE IF EXISTS `projusers`;
/*!40101 SET @saved_cs_client     = @@character_set_client */;
/*!40101 SET character_set_client = utf8 */;
CREATE TABLE `projusers` (
  `project` int(4) NOT NULL,
  `user` int(4) NOT NULL,
  `isAdmin` int(4) NOT NULL,
  PRIMARY KEY (`project`),
  KEY `user` (`user`)
) ENGINE=MyISAM DEFAULT CHARSET=latin1;
/*!40101 SET character_set_client = @saved_cs_client */;

--
-- Dumping data for table `projusers`
--

LOCK TABLES `projusers` WRITE;
/*!40000 ALTER TABLE `projusers` DISABLE KEYS */;
INSERT INTO `projusers` VALUES (0,2,1),(1,1,1),(2,3,1),(3,3,1),(4,6,1),(5,7,1),(6,9,1),(7,9,1),(17,3,1),(9,3,1),(10,3,1),(11,3,1),(12,3,1),(13,3,1),(18,10,1),(19,10,1),(20,12,1),(21,3,1),(22,14,1),(25,38,1),(26,39,1),(27,39,1),(28,39,1),(29,39,1),(31,39,1),(32,39,1),(33,39,1),(34,39,1),(36,39,1),(37,42,1),(38,43,1),(39,44,1),(40,44,1),(41,45,1),(43,49,1),(44,49,1),(45,50,1);
/*!40000 ALTER TABLE `projusers` ENABLE KEYS */;
UNLOCK TABLES;

--
-- Table structure for table `users`
--

DROP TABLE IF EXISTS `users`;
/*!40101 SET @saved_cs_client     = @@character_set_client */;
/*!40101 SET character_set_client = utf8 */;
CREATE TABLE `users` (
  `username` varchar(25) NOT NULL,
  `password` varchar(50) NOT NULL,
  `name` varchar(50) NOT NULL,
  `email` varchar(50) NOT NULL,
  `hash` varchar(50) NOT NULL,
  `uid` int(4) NOT NULL AUTO_INCREMENT,
  PRIMARY KEY (`uid`),
  UNIQUE KEY `username` (`username`)
) ENGINE=MyISAM AUTO_INCREMENT=51 DEFAULT CHARSET=latin1;
/*!40101 SET character_set_client = @saved_cs_client */;

--
-- Dumping data for table `users`
--

LOCK TABLES `users` WRITE;
/*!40000 ALTER TABLE `users` DISABLE KEYS */;
INSERT INTO `users` VALUES ('test','098f6bcd4621d373cade4e832627b4f6','test','test','e56cef99aa92f96cd05b4498aabba3af',1),('erikal','bfed4c6a6707e77a02b8a44c73e7f4cc','Erika','erikal@mit.edu','eff2ce16d6e0e32dc8ff1a82ea00bedb',2),('amdforever','1963d0b513599ead3be75d539683816f','Brian','amdforever@gmail.com','7864b2b2b38e41aad64cc6f93757aee8',3),('ty','d8578edf8458ce06fbc5bb76a58c5ca4','Ty','','d7e92db2acf60fd67192d50fe41ec47e',4),('linda','d8578edf8458ce06fbc5bb76a58c5ca4','Linda','','03dcb1ca9a9534e25bb1b356f57711c2',5),('ict4d','d3456f45d06108d6f1aa9a9f18c3616b','Class','fletcher@media.mit.edu','c6c0d8d2a0171b76aed872fa7e6c3123',6),('fletcher','c3c034f298533c8ec70d9f7e6d9b996b','Rich','fletcher@media.mit.edu','025aa749ddeb58fa492f2189582d5438',7),('coco','ac0ddf9e65d57b6a56b2453386cd5db5','coco','cocoagbe@mit.edu','f67764310cf7111add71565eb38a5c75',8),('dinap','f203cfe2937cf893d4fa8ffc9270cee1','Dina ','dpoteau@mit.edu','91efb857705f598b041acbe764a2bf05',9),('zoweis','a4c20d4b43396c17560de546cba8929a','Z O','zoweis@fas.harvard.edu','65ce0efe7fffc47c3da16763a0adc93f',10),('joycek','d6183bbb2fec2fc5f108d27f34ccdc45','Joyce Kwan','joycek@mit.edu','67626dc36e8d037b77c89260e6d7c348',11),('x8664amd','5690dddfa28ae085d23518a035707282','Brian Wong','amd@amd.com','23119ad130fb0969773ae33af41dfe94',12),('leoburd','3bd7c219d0a9105df0e483dbe4bf3922','Leo Burd','leoburd@media.mit.edu','ace54fe137a6be904fe663eebefb0ca6',13),('dave','dbc3af4bd3df34270247bd7f58fec14f','fern','sundavid87@hotmail.com','75e42832b663f3c00985b183dc1b46c9',14),('williapr','c8198892471e0e21ce3c62c95f506527','Pamela Williams','williapr@sc.rr.com','14110bfdbd4c9109bb24e7cb9182dd7e',15),('nanburns','c6a0bf18d545b9e52063cab98150d50c','Nan J. Burns','nanburns@yahoo.com','7ab83662b29a70f7fb57e7542d29aa4e',16),('ELSAGOMEZ','b38c472f545eb415a70ed4c884d06e02','ELSA','ELSITA_MG626@HOTMAIL.COM','284653a07c20f273c6503a6d805e6b1a',17),('Trangeapenory','b256f675b38e01035deeed84f4302ace','Trangeapenory','kivelextflito@medmail.info','43b59cc65b5981ff8a23e62b89981ca5',18),('LewisCoini','0ef669a32c95677a4ce66548b76668a7','LewisCoini','lavern6fw2@aol.com','89d19baf89ea58f2afe28b8c266b41fc',19),('gamsionisse','513a1943d04a83f51a2a55ceff451d6c','gamsionisse','sdfhbskhdf@aol.com','ac7a7b32300ad5bf49425a291449ec65',20),('nokeacounnibe','513a1943d04a83f51a2a55ceff451d6c','nokeacounnibe','sdfhbskhdf@aol.com','c50ac01e271f09a421cbd89683e8345a',21),('JealeTedymazy','e378642bf8511d6d1a91e4e690f1e6c7','JealeTedymazy','sdfghyuuioio@aol.com','c391f58e9b8e015a2316eebd8427f583',22),('icereepiopoke','e378642bf8511d6d1a91e4e690f1e6c7','icereepiopoke','sdfghyuuioio@aol.com','9ef8af2f4269e2d074e5e90ac74e57b3',23),('loulleymn','5f5c0c454d594d9ca97783f5495c49c6','loulleymn','amnsfrbiuseg@aol.com','7c61d2af03fdceda85ad465dd478e351',24),('RemRorIdege','5f5c0c454d594d9ca97783f5495c49c6','RemRorIdege','amnsfrbiuseg@aol.com','83f2ade38539ff7931612069ba162bba',25),('opiclebycle','423f915ac4a701367822049f090bd721','opiclebycle','johnernestonsen@aol.com','f3cf854a5932a6b4d9169d0a161ba6e0',26),('Scormmync','423f915ac4a701367822049f090bd721','Scormmync','johnernestonsen@aol.com','6d5b315763f8a6eeb8c6a2445b1ce791',27),('Chesuplelloms','ef4c2b71a6d291e9d49a9d201969aaf0','Chesuplelloms','james.zien@aol.com','eec76650cbf46745ec1d01f2f3060d4b',28),('KiteBictarero','ef4c2b71a6d291e9d49a9d201969aaf0','KiteBictarero','bill_newman2@aol.com','787691d9c3d3ca15bb45d78461a28350',29),('RefeSmoteonse','144b3c011ef3aca1ceae1abd6d69002b','RefeSmoteonse','1@best-traffic-for-your-site.info','6d44f10c9658f241fc057fe336908f6a',30),('Genehikezex','144b3c011ef3aca1ceae1abd6d69002b','Genehikezex','1@best-traffic-for-your-site.info','8bcf5618dcb2ec307ccb37170a06484b',31),('shawn09','c85a6a3b872ccdc150bb766a4fd64ad2','shawn','shawn.aalexander58@yahoo.com','8ed273a605f96f5d827215ff70e19e60',32),('shawn10','c85a6a3b872ccdc150bb766a4fd64ad2','shawn','shawn.aalexander58@yahoo.com','9fd7cd3d62fa7482d8fa619f1f19d371',33),('joexqheal','d41d8cd98f00b204e9800998ecf8427e','joexqheal','zyqszh@ruqbyo.com','f823c42bb96f6f2888149ed362fa9cac',34),('drummasypromy','2d5686d742a6b4c32ccb51a1ba3e27d8','drummasypromy','1@bestserviceforwebtraffic.info','70580c946f776493f25917661bdc09c5',35),('ralmfierfergo','2d5686d742a6b4c32ccb51a1ba3e27d8','ralmfierfergo','1@bestserviceforwebtraffic.info','d502a4da32364e82d61f83ff8964b0e0',36),('chrisaddy','1a6d7326476d8edc096d9fcd72a89c44','Christopher Addey','addy.ghana@gmail.com','4d7b9b5bb43f9c123e658e3523c80791',37),('apptest','93f57323e0205dffea729add44cb702b','Blake','bjacks@mit.edu','ab69c338499289fb7926fd22ae3b8fec',38),('rishi','0be270da956b0fd53a083b4a961c7dd5','Rishi Naidu','rishin@mit.edu','a7a48666c01a1044d3c5a523bbcd602a',39),('levitramgg','8d365d60125537889d77b08b6e31929f','levitramgg','levitra10mgnekmeetsemtp@gmail.com','e2852e8c636e87e2cbd5eaf4a9bd43df',40),('bibianajou','db04ee13ceeef8c31f082f8f2db1c010','bibiana','bibianajou@yahoo.es','d42e27a779e10398a6693e152ea8590f',41),('tertius','a366e6c3178e26cfdacdd74c47c9f3b6','oran peretz','oranperetz@gmail.com','55228a1eea8a7fcf4255a6b4a8dd2732',42),('goneil','0eff14faa8ef9118039fe6bd961d1c9f','Gil','goneil@mit.edu','8ad655f47236b282390d35219e62b40c',43),('tmp','912ec803b2ce49e4a541068d495ab570','tmp','asdf','fb3f9f21dc93ba2f32ced6b790d0619e',44),('asdf','912ec803b2ce49e4a541068d495ab570','asdf','asdf','a884c541e7edb02aee6488fc2dc01806',45),('szhanp330','645f29e3dd3636e4f386facb315af029','szhanp330','jhnvbdgmn@gmail.com','458ceca9a72b4301b22045d8b778e4d9',46),('czhano134','645f29e3dd3636e4f386facb315af029','czhano134','jhnvbdgmn@gmail.com','b6ff79ae344f6a7c1872c1dd98907198',47),('Antindunups','9bcb16b317d0490661586a60037a60d4','Antindunups','pajola.pami@aol.com','6cadaffb9d8e7a30fd6162b704f69c1e',48),('demo','fe01ce2a7fbac8fafaed7c982a04e229','Demo Account','','e72b2989d0d79bfbb4d8b737becaf222',49),('phoenixoneil','92047826bff752f3cc10752931f74e84','Mary','moneil@wheatonma.edu','78810a531fcff86e2ec7b67c163c0114',50);
/*!40000 ALTER TABLE `users` ENABLE KEYS */;
UNLOCK TABLES;
/*!40103 SET TIME_ZONE=@OLD_TIME_ZONE */;

/*!40101 SET SQL_MODE=@OLD_SQL_MODE */;
/*!40014 SET FOREIGN_KEY_CHECKS=@OLD_FOREIGN_KEY_CHECKS */;
/*!40014 SET UNIQUE_CHECKS=@OLD_UNIQUE_CHECKS */;
/*!40101 SET CHARACTER_SET_CLIENT=@OLD_CHARACTER_SET_CLIENT */;
/*!40101 SET CHARACTER_SET_RESULTS=@OLD_CHARACTER_SET_RESULTS */;
/*!40101 SET COLLATION_CONNECTION=@OLD_COLLATION_CONNECTION */;
/*!40111 SET SQL_NOTES=@OLD_SQL_NOTES */;

-- Dump completed on 2013-05-20 14:02:33
